guided,8,32,32,0.000100,500,153305
guided,8,32,32,0.000010,500,96006
guided,8,32,32,0.000001,500,98210
guided,8,128,128,0.000100,500,1890646
guided,8,128,128,0.000010,500,944511
guided,8,128,128,0.000001,500,1011300
guided,8,256,256,0.000100,500,8268069
guided,8,256,256,0.000010,500,3584316
guided,8,256,256,0.000001,500,2962001
guided,8,512,512,0.000100,500,46915287
guided,8,512,512,0.000010,500,16545766
guided,8,512,512,0.000001,500,12403256
guided,8,32,32,0.000100,5000,863208
guided,8,32,32,0.000010,5000,222777
guided,8,32,32,0.000001,5000,124013
guided,8,128,128,0.000100,5000,18130864
guided,8,128,128,0.000010,5000,2719511
guided,8,128,128,0.000001,5000,1141551
guided,8,256,256,0.000100,5000,77532103
guided,8,256,256,0.000010,5000,11879650
guided,8,256,256,0.000001,5000,4478221
guided,8,512,512,0.000100,5000,438544196
guided,8,512,512,0.000010,5000,82681608
guided,8,512,512,0.000001,5000,23615437
guided,8,32,32,0.000100,50000,11451667
guided,8,32,32,0.000010,50000,5011451
guided,8,32,32,0.000001,50000,772593
guided,8,128,128,0.000100,50000,254796523
guided,8,128,128,0.000010,50000,93651685
guided,8,128,128,0.000001,50000,13538923
guided,8,256,256,0.000100,50000,1134999313
guided,8,256,256,0.000010,50000,427746708
guided,8,256,256,0.000001,50000,60750641
guided,8,512,512,0.000001,50000,375517946
guided,6,32,32,0.000100,500,161821
guided,6,32,32,0.000010,500,108093
guided,6,32,32,0.000001,500,148987
guided,6,128,128,0.000100,500,2221442
guided,6,128,128,0.000010,500,1132295
guided,6,128,128,0.000001,500,1246416
guided,6,256,256,0.000100,500,9984778
guided,6,256,256,0.000010,500,4282495
guided,6,256,256,0.000001,500,3440671
guided,6,512,512,0.000100,500,55321724
guided,6,512,512,0.000010,500,19185538
guided,6,512,512,0.000001,500,14086994
guided,6,32,32,0.000100,5000,1065453
guided,6,32,32,0.000010,5000,253042
guided,6,32,32,0.000001,5000,143593
guided,6,128,128,0.000100,5000,21819072
guided,6,128,128,0.000010,5000,3334106
guided,6,128,128,0.000001,5000,1396250
guided,6,256,256,0.000100,5000,95005745
guided,6,256,256,0.000010,5000,14643074
guided,6,256,256,0.000001,5000,5464243
guided,6,512,512,0.000100,5000,548070108
guided,6,512,512,0.000010,5000,97293964
guided,6,512,512,0.000001,5000,28439371
guided,6,32,32,0.000100,50000,13842772
guided,6,32,32,0.000010,50000,6171334
guided,6,32,32,0.000001,50000,941934
guided,6,128,128,0.000100,50000,312684072
guided,6,128,128,0.000010,50000,113955731
guided,6,128,128,0.000001,50000,16725540
guided,6,256,256,0.000100,50000,1410278256
guided,6,256,256,0.000010,50000,520041275
guided,6,256,256,0.000001,50000,75647114
guided,6,512,512,0.000001,50000,477193672
guided,4,32,32,0.000100,500,205006
guided,4,32,32,0.000010,500,128439
guided,4,32,32,0.000001,500,141035
guided,4,128,128,0.000100,500,2980145
guided,4,128,128,0.000010,500,1537042
guided,4,128,128,0.000001,500,1343716
guided,4,256,256,0.000100,500,13465581
guided,4,256,256,0.000010,500,5826643
guided,4,256,256,0.000001,500,4664814
guided,4,512,512,0.000100,500,74675602
guided,4,512,512,0.000010,500,25019891
guided,4,512,512,0.000001,500,18221429
guided,4,32,32,0.000100,5000,1564293
guided,4,32,32,0.000010,5000,339922
guided,4,32,32,0.000001,5000,177497
guided,4,128,128,0.000100,5000,30128374
guided,4,128,128,0.000010,5000,4549024
guided,4,128,128,0.000001,5000,1952978
guided,4,256,256,0.000100,5000,130025938
guided,4,256,256,0.000010,5000,19196951
guided,4,256,256,0.000001,5000,7280627
guided,4,512,512,0.000100,5000,764105824
guided,4,512,512,0.000010,5000,139313233
guided,4,512,512,0.000001,5000,37724375
guided,4,32,32,0.000100,50000,20188982
guided,4,32,32,0.000010,50000,8897774
guided,4,32,32,0.000001,50000,1335630
guided,4,128,128,0.000100,50000,434927012
guided,4,128,128,0.000010,50000,164890732
guided,4,128,128,0.000001,50000,22980601
guided,4,256,256,0.000100,50000,2006461614
guided,4,256,256,0.000010,50000,727788899
guided,4,256,256,0.000001,50000,102187824
guided,4,512,512,0.000001,50000,694861855
guided,2,32,32,0.000100,500,274908
guided,2,32,32,0.000010,500,162955
guided,2,32,32,0.000001,500,149713
guided,2,128,128,0.000100,500,5305120
guided,2,128,128,0.000010,500,2393205
guided,2,128,128,0.000001,500,2468250
guided,2,256,256,0.000100,500,24215527
guided,2,256,256,0.000010,500,9385896
guided,2,256,256,0.000001,500,7493126
guided,2,512,512,0.000100,500,130565559
guided,2,512,512,0.000010,500,41820706
guided,2,512,512,0.000001,500,28890983
guided,2,32,32,0.000100,5000,2793102
guided,2,32,32,0.000010,5000,523574
guided,2,32,32,0.000001,5000,241794
guided,2,128,128,0.000100,5000,57051017
guided,2,128,128,0.000010,5000,8388543
guided,2,128,128,0.000001,5000,3339799
guided,2,256,256,0.000100,5000,222226013
guided,2,256,256,0.000010,5000,34785126
guided,2,256,256,0.000001,5000,11794010
guided,2,512,512,0.000100,5000,1374808879
guided,2,512,512,0.000010,5000,254622327
guided,2,512,512,0.000001,5000,65037240
guided,2,32,32,0.000100,50000,36919256
guided,2,32,32,0.000010,50000,16285734
guided,2,32,32,0.000001,50000,2436592
guided,2,128,128,0.000100,50000,813203913
guided,2,128,128,0.000010,50000,302678697
guided,2,128,128,0.000001,50000,44152374
guided,2,256,256,0.000100,50000,3655798268
guided,2,256,256,0.000010,50000,1294019798
guided,2,256,256,0.000001,50000,193066361
guided,2,512,512,0.000001,50000,1353169849
guided,1,32,32,0.000100,500,345515
guided,1,32,32,0.000010,500,179311
guided,1,32,32,0.000001,500,157712
guided,1,128,128,0.000100,500,6340291
guided,1,128,128,0.000010,500,2992806
guided,1,128,128,0.000001,500,2454408
guided,1,256,256,0.000100,500,40361005
guided,1,256,256,0.000010,500,13368725
guided,1,256,256,0.000001,500,10132070
guided,1,512,512,0.000100,500,226358760
guided,1,512,512,0.000010,500,72172930
guided,1,512,512,0.000001,500,48909523
guided,1,32,32,0.000100,5000,3040795
guided,1,32,32,0.000010,5000,544324
guided,1,32,32,0.000001,5000,273392
guided,1,128,128,0.000100,5000,89893524
guided,1,128,128,0.000010,5000,11178055
guided,1,128,128,0.000001,5000,4357808
guided,1,256,256,0.000100,5000,387728059
guided,1,256,256,0.000010,5000,59351693
guided,1,256,256,0.000001,5000,19451446
guided,1,512,512,0.000100,5000,2178143356
guided,1,512,512,0.000010,5000,423965314
guided,1,512,512,0.000001,5000,112450207
guided,1,32,32,0.000100,50000,58862005
guided,1,32,32,0.000010,50000,24295679
guided,1,32,32,0.000001,50000,3074183
guided,1,128,128,0.000100,50000,1318715540
guided,1,128,128,0.000010,50000,478223909
guided,1,128,128,0.000001,50000,71936138
guided,1,256,256,0.000100,50000,5679738801
guided,1,256,256,0.000010,50000,2117619796
guided,1,256,256,0.000001,50000,342516057
guided,1,512,512,0.000010,50000,13377433931
guided,1,512,512,0.000001,50000,2313333310
dynamic,8,32,32,0.000100,500,318999
dynamic,8,32,32,0.000010,500,282430
dynamic,8,32,32,0.000001,500,280993
dynamic,8,128,128,0.000100,500,4698132
dynamic,8,128,128,0.000010,500,3857118
dynamic,8,128,128,0.000001,500,3561444
dynamic,8,256,256,0.000100,500,20454361
dynamic,8,256,256,0.000010,500,15428058
dynamic,8,256,256,0.000001,500,14339204
dynamic,8,512,512,0.000100,500,99032260
dynamic,8,512,512,0.000010,500,69681134
dynamic,8,512,512,0.000001,500,64137091
dynamic,8,32,32,0.000100,5000,1001267
dynamic,8,32,32,0.000010,5000,362434
dynamic,8,32,32,0.000001,5000,280826
dynamic,8,128,128,0.000100,5000,20280813
dynamic,8,128,128,0.000010,5000,5454207
dynamic,8,128,128,0.000001,5000,4057681
dynamic,8,256,256,0.000100,5000,88039574
dynamic,8,256,256,0.000010,5000,24778838
dynamic,8,256,256,0.000001,5000,17510938
dynamic,8,512,512,0.000100,5000,453979098
dynamic,8,512,512,0.000010,5000,126465236
dynamic,8,512,512,0.000001,5000,71705429
dynamic,8,32,32,0.000100,50000,12325413
dynamic,8,32,32,0.000010,50000,5158831
dynamic,8,32,32,0.000001,50000,873480
dynamic,8,128,128,0.000100,50000,256824192
dynamic,8,128,128,0.000010,50000,96211112
dynamic,8,128,128,0.000001,50000,15937191
dynamic,8,256,256,0.000100,50000,1132915882
dynamic,8,256,256,0.000010,50000,424038485
dynamic,8,256,256,0.000001,50000,69815739
dynamic,8,512,512,0.000001,50000,401319909
dynamic,6,32,32,0.000100,500,386276
dynamic,6,32,32,0.000010,500,321245
dynamic,6,32,32,0.000001,500,326313
dynamic,6,128,128,0.000100,500,5544213
dynamic,6,128,128,0.000010,500,4553844
dynamic,6,128,128,0.000001,500,4080069
dynamic,6,256,256,0.000100,500,24101612
dynamic,6,256,256,0.000010,500,18260275
dynamic,6,256,256,0.000001,500,16987898
dynamic,6,512,512,0.000100,500,117408697
dynamic,6,512,512,0.000010,500,81084116
dynamic,6,512,512,0.000001,500,74920894
dynamic,6,32,32,0.000100,5000,1239021
dynamic,6,32,32,0.000010,5000,421660
dynamic,6,32,32,0.000001,5000,324429
dynamic,6,128,128,0.000100,5000,25299551
dynamic,6,128,128,0.000010,5000,6488219
dynamic,6,128,128,0.000001,5000,4752199
dynamic,6,256,256,0.000100,5000,108260268
dynamic,6,256,256,0.000010,5000,29498200
dynamic,6,256,256,0.000001,5000,20600060
dynamic,6,512,512,0.000100,5000,565072580
dynamic,6,512,512,0.000010,5000,152232225
dynamic,6,512,512,0.000001,5000,84931672
dynamic,6,32,32,0.000100,50000,15373934
dynamic,6,32,32,0.000010,50000,6476868
dynamic,6,32,32,0.000001,50000,1090518
dynamic,6,128,128,0.000100,50000,322304742
dynamic,6,128,128,0.000010,50000,119336776
dynamic,6,128,128,0.000001,50000,19662445
dynamic,6,256,256,0.000100,50000,1416813554
dynamic,6,256,256,0.000010,50000,526986751
dynamic,6,256,256,0.000001,50000,85802040
dynamic,6,512,512,0.000001,50000,513526799
dynamic,4,32,32,0.000100,500,477847
dynamic,4,32,32,0.000010,500,392902
dynamic,4,32,32,0.000001,500,387900
dynamic,4,128,128,0.000100,500,7139730
dynamic,4,128,128,0.000010,500,5692163
dynamic,4,128,128,0.000001,500,5341221
dynamic,4,256,256,0.000100,500,30590962
dynamic,4,256,256,0.000010,500,22902355
dynamic,4,256,256,0.000001,500,21586222
dynamic,4,512,512,0.000100,500,150739808
dynamic,4,512,512,0.000010,500,102501982
dynamic,4,512,512,0.000001,500,94256081
dynamic,4,32,32,0.000100,5000,1722839
dynamic,4,32,32,0.000010,5000,534649
dynamic,4,32,32,0.000001,5000,402784
dynamic,4,128,128,0.000100,5000,35278846
dynamic,4,128,128,0.000010,5000,8456799
dynamic,4,128,128,0.000001,5000,6032724
dynamic,4,256,256,0.000100,5000,150095543
dynamic,4,256,256,0.000010,5000,38231949
dynamic,4,256,256,0.000001,5000,26133564
dynamic,4,512,512,0.000100,5000,794607452
dynamic,4,512,512,0.000010,5000,199884451
dynamic,4,512,512,0.000001,5000,106489921
dynamic,4,32,32,0.000100,50000,21786144
dynamic,4,32,32,0.000010,50000,9163506
dynamic,4,32,32,0.000001,50000,1480145
dynamic,4,128,128,0.000100,50000,456286243
dynamic,4,128,128,0.000010,50000,167745639
dynamic,4,128,128,0.000001,50000,27218008
dynamic,4,256,256,0.000100,50000,2010528528
dynamic,4,256,256,0.000010,50000,745700371
dynamic,4,256,256,0.000001,50000,118493655
dynamic,4,512,512,0.000001,50000,740564403
dynamic,2,32,32,0.000100,500,669305
dynamic,2,32,32,0.000010,500,526471
dynamic,2,32,32,0.000001,500,512763
dynamic,2,128,128,0.000100,500,10703022
dynamic,2,128,128,0.000010,500,8570502
dynamic,2,128,128,0.000001,500,7775328
dynamic,2,256,256,0.000100,500,45913992
dynamic,2,256,256,0.000010,500,34502390
dynamic,2,256,256,0.000001,500,32812336
dynamic,2,512,512,0.000100,500,223665700
dynamic,2,512,512,0.000010,500,141350594
dynamic,2,512,512,0.000001,500,129320483
dynamic,2,32,32,0.000100,5000,3003028
dynamic,2,32,32,0.000010,5000,711410
dynamic,2,32,32,0.000001,5000,584809
dynamic,2,128,128,0.000100,5000,63342376
dynamic,2,128,128,0.000010,5000,13265789
dynamic,2,128,128,0.000001,5000,9203761
dynamic,2,256,256,0.000100,5000,266600467
dynamic,2,256,256,0.000010,5000,57517069
dynamic,2,256,256,0.000001,5000,36828581
dynamic,2,512,512,0.000100,5000,1438773951
dynamic,2,512,512,0.000010,5000,324988264
dynamic,2,512,512,0.000001,5000,157306194
dynamic,2,32,32,0.000100,50000,38720865
dynamic,2,32,32,0.000010,50000,17144190
dynamic,2,32,32,0.000001,50000,2609325
dynamic,2,128,128,0.000100,50000,824936343
dynamic,2,128,128,0.000010,50000,307166239
dynamic,2,128,128,0.000001,50000,48565222
dynamic,2,256,256,0.000100,50000,3677035097
dynamic,2,256,256,0.000010,50000,1383957724
dynamic,2,256,256,0.000001,50000,213258521
dynamic,2,512,512,0.000001,50000,1403216419
dynamic,1,32,32,0.000100,500,365252
dynamic,1,32,32,0.000010,500,197329
dynamic,1,32,32,0.000001,500,174183
dynamic,1,128,128,0.000100,500,6746408
dynamic,1,128,128,0.000010,500,3306396
dynamic,1,128,128,0.000001,500,2812581
dynamic,1,256,256,0.000100,500,43166267
dynamic,1,256,256,0.000010,500,14862325
dynamic,1,256,256,0.000001,500,11412516
dynamic,1,512,512,0.000100,500,238557623
dynamic,1,512,512,0.000010,500,78813526
dynamic,1,512,512,0.000001,500,53447836
dynamic,1,32,32,0.000100,5000,3121737
dynamic,1,32,32,0.000010,5000,563211
dynamic,1,32,32,0.000001,5000,295693
dynamic,1,128,128,0.000100,5000,91652810
dynamic,1,128,128,0.000010,5000,11712460
dynamic,1,128,128,0.000001,5000,4683806
dynamic,1,256,256,0.000100,5000,393789611
dynamic,1,256,256,0.000010,5000,62640683
dynamic,1,256,256,0.000001,5000,21118141
dynamic,1,512,512,0.000100,5000,2193664101
dynamic,1,512,512,0.000010,5000,436060128
dynamic,1,512,512,0.000001,5000,119561414
dynamic,1,32,32,0.000100,50000,58886595
dynamic,1,32,32,0.000010,50000,24428204
dynamic,1,32,32,0.000001,50000,3073069
dynamic,1,128,128,0.000100,50000,1320649918
dynamic,1,128,128,0.000010,50000,480529238
dynamic,1,128,128,0.000001,50000,73093309
dynamic,1,256,256,0.000100,50000,5693668099
dynamic,1,256,256,0.000010,50000,2183475602
dynamic,1,256,256,0.000001,50000,347164032
dynamic,1,512,512,0.000001,50000,2528679826
static,8,32,32,0.000100,500,140023
static,8,32,32,0.000010,500,95274
static,8,32,32,0.000001,500,83206
static,8,128,128,0.000100,500,1559249
static,8,128,128,0.000010,500,786770
static,8,128,128,0.000001,500,848318
static,8,256,256,0.000100,500,7720489
static,8,256,256,0.000010,500,2951605
static,8,256,256,0.000001,500,2865361
static,8,512,512,0.000100,500,44103347
static,8,512,512,0.000010,500,17636291
static,8,512,512,0.000001,500,11603680
static,8,32,32,0.000100,5000,729416
static,8,32,32,0.000010,5000,188357
static,8,32,32,0.000001,5000,118294
static,8,128,128,0.000100,5000,14150652
static,8,128,128,0.000010,5000,2301631
static,8,128,128,0.000001,5000,1020911
static,8,256,256,0.000100,5000,65411703
static,8,256,256,0.000010,5000,10071067
static,8,256,256,0.000001,5000,3657419
static,8,512,512,0.000100,5000,366877040
static,8,512,512,0.000010,5000,78593159
static,8,512,512,0.000001,5000,22204787
static,8,32,32,0.000100,50000,9778510
static,8,32,32,0.000010,50000,4035722
static,8,32,32,0.000001,50000,724210
static,8,128,128,0.000100,50000,208100929
static,8,128,128,0.000010,50000,79694203
static,8,128,128,0.000001,50000,12220406
static,8,256,256,0.000100,50000,922716538
static,8,256,256,0.000010,50000,344009983
static,8,256,256,0.000001,50000,57320475
static,8,512,512,0.000001,50000,433393982
static,6,32,32,0.000100,500,325368
static,6,32,32,0.000010,500,97853
static,6,32,32,0.000001,500,89648
static,6,128,128,0.000100,500,1843796
static,6,128,128,0.000010,500,994517
static,6,128,128,0.000001,500,976861
static,6,256,256,0.000100,500,8637299
static,6,256,256,0.000010,500,3614069
static,6,256,256,0.000001,500,2999059
static,6,512,512,0.000100,500,53254675
static,6,512,512,0.000010,500,16879596
static,6,512,512,0.000001,500,12406412
static,6,32,32,0.000100,5000,819247
static,6,32,32,0.000010,5000,219000
static,6,32,32,0.000001,5000,124907
static,6,128,128,0.000100,5000,17168197
static,6,128,128,0.000010,5000,2505383
static,6,128,128,0.000001,5000,1228680
static,6,256,256,0.000100,5000,77646903
static,6,256,256,0.000010,5000,11241982
static,6,256,256,0.000001,5000,4205774
static,6,512,512,0.000100,5000,435756662
static,6,512,512,0.000010,5000,91286446
static,6,512,512,0.000001,5000,25846032
static,6,32,32,0.000100,50000,11654962
static,6,32,32,0.000010,50000,4841305
static,6,32,32,0.000001,50000,850572
static,6,128,128,0.000100,50000,260926708
static,6,128,128,0.000010,50000,95006963
static,6,128,128,0.000001,50000,15659115
static,6,256,256,0.000100,50000,1178194309
static,6,256,256,0.000010,50000,417692461
static,6,256,256,0.000001,50000,66564141
static,6,512,512,0.000001,50000,507466923
static,4,32,32,0.000100,500,192863
static,4,32,32,0.000010,500,113201
static,4,32,32,0.000001,500,101635
static,4,128,128,0.000100,500,2227207
static,4,128,128,0.000010,500,1128855
static,4,128,128,0.000001,500,1083362
static,4,256,256,0.000100,500,11302185
static,4,256,256,0.000010,500,4526723
static,4,256,256,0.000001,500,4350281
static,4,512,512,0.000100,500,71647632
static,4,512,512,0.000010,500,23899699
static,4,512,512,0.000001,500,16529369
static,4,32,32,0.000100,5000,1053664
static,4,32,32,0.000010,5000,257987
static,4,32,32,0.000001,5000,151882
static,4,128,128,0.000100,5000,25372864
static,4,128,128,0.000010,5000,3400499
static,4,128,128,0.000001,5000,1674219
static,4,256,256,0.000100,5000,113128215
static,4,256,256,0.000010,5000,16135975
static,4,256,256,0.000001,5000,5763054
static,4,512,512,0.000100,5000,602852136
static,4,512,512,0.000010,5000,123065483
static,4,512,512,0.000001,5000,33870631
static,4,32,32,0.000100,50000,16041611
static,4,32,32,0.000010,50000,6854808
static,4,32,32,0.000001,50000,1085301
static,4,128,128,0.000100,50000,350024808
static,4,128,128,0.000010,50000,131550237
static,4,128,128,0.000001,50000,20177318
static,4,256,256,0.000100,50000,1558470243
static,4,256,256,0.000010,50000,596642949
static,4,256,256,0.000001,50000,97448793
static,4,512,512,0.000001,50000,666432336
static,2,32,32,0.000100,500,280922
static,2,32,32,0.000010,500,169973
static,2,32,32,0.000001,500,139096
static,2,128,128,0.000100,500,3820648
static,2,128,128,0.000010,500,1954687
static,2,128,128,0.000001,500,1610988
static,2,256,256,0.000100,500,18930638
static,2,256,256,0.000010,500,7637658
static,2,256,256,0.000001,500,6450241
static,2,512,512,0.000100,500,119389589
static,2,512,512,0.000010,500,39485291
static,2,512,512,0.000001,500,27717159
static,2,32,32,0.000100,5000,1782563
static,2,32,32,0.000010,5000,368853
static,2,32,32,0.000001,5000,226752
static,2,128,128,0.000100,5000,45818404
static,2,128,128,0.000010,5000,6104055
static,2,128,128,0.000001,5000,2735619
static,2,256,256,0.000100,5000,200530459
static,2,256,256,0.000010,5000,28294542
static,2,256,256,0.000001,5000,10607994
static,2,512,512,0.000100,5000,1155918259
static,2,512,512,0.000010,5000,231750622
static,2,512,512,0.000001,5000,63589687
static,2,32,32,0.000100,50000,30610503
static,2,32,32,0.000010,50000,12578772
static,2,32,32,0.000001,50000,1931273
static,2,128,128,0.000100,50000,682487863
static,2,128,128,0.000010,50000,250413666
static,2,128,128,0.000001,50000,37977159
static,2,256,256,0.000100,50000,2907511480
static,2,256,256,0.000010,50000,1083435424
static,2,256,256,0.000001,50000,172216024
static,2,512,512,0.000001,50000,1144889954
static,1,32,32,0.000100,500,346062
static,1,32,32,0.000010,500,180225
static,1,32,32,0.000001,500,159959
static,1,128,128,0.000100,500,6445532
static,1,128,128,0.000010,500,3044680
static,1,128,128,0.000001,500,2522572
static,1,256,256,0.000100,500,40672198
static,1,256,256,0.000010,500,13486652
static,1,256,256,0.000001,500,10392417
static,1,512,512,0.000100,500,228348194
static,1,512,512,0.000010,500,73146162
static,1,512,512,0.000001,500,49132841
static,1,32,32,0.000100,5000,3116841
static,1,32,32,0.000010,5000,557552
static,1,32,32,0.000001,5000,282218
static,1,128,128,0.000100,5000,90949716
static,1,128,128,0.000010,5000,11168374
static,1,128,128,0.000001,5000,4396905
static,1,256,256,0.000100,5000,388689044
static,1,256,256,0.000010,5000,59515633
static,1,256,256,0.000001,5000,19705290
static,1,512,512,0.000100,5000,2188696113
static,1,512,512,0.000010,5000,424932538
static,1,512,512,0.000001,5000,113311418
static,1,32,32,0.000100,50000,59038139
static,1,32,32,0.000010,50000,24348636
static,1,32,32,0.000001,50000,3071472
static,1,32,32,0.000100,500,346173
static,1,32,32,0.000010,500,181443
static,1,32,32,0.000001,500,158996
static,1,128,128,0.000100,500,6348082
static,1,128,128,0.000010,500,2994283
static,1,128,128,0.000001,500,2479505
static,1,256,256,0.000100,500,39769095
static,1,256,256,0.000010,500,13276900
static,1,256,256,0.000001,500,10249898
static,1,512,512,0.000100,500,225997297
static,1,512,512,0.000010,500,72264178
static,1,512,512,0.000001,500,48674568
static,1,32,32,0.000100,5000,3110791
static,1,32,32,0.000010,5000,557756
static,1,32,32,0.000001,5000,274457
static,1,128,128,0.000100,5000,90461945
static,1,128,128,0.000010,5000,11227981
static,1,128,128,0.000001,5000,4402727
static,1,256,256,0.000100,5000,388433326
static,1,256,256,0.000010,5000,59553186
static,1,256,256,0.000001,5000,19433130
static,1,512,512,0.000100,5000,2178144987
static,1,512,512,0.000010,5000,422758246
static,1,512,512,0.000001,5000,112384158
static,1,32,32,0.000100,50000,59521292
static,1,32,32,0.000010,50000,24408136
static,1,32,32,0.000001,50000,3086604
static,1,128,128,0.000100,50000,1325972806
static,1,128,128,0.000010,50000,481774401
static,1,128,128,0.000001,50000,72678971
static,1,256,256,0.000100,50000,5719219305
static,1,256,256,0.000010,50000,2134593365
static,1,256,256,0.000001,50000,344493188
static,1,512,512,0.000010,50000,13364094409
static,1,512,512,0.000001,50000,2313466545
guided,8,32,32,0.000100,500,143122
guided,8,32,32,0.000010,500,97834
guided,8,32,32,0.000001,500,94405
guided,8,128,128,0.000100,500,1836646
guided,8,128,128,0.000010,500,924926
guided,8,128,128,0.000001,500,1108219
guided,8,256,256,0.000100,500,8108324
guided,8,256,256,0.000010,500,3542132
guided,8,256,256,0.000001,500,3102277
guided,8,512,512,0.000100,500,45627560
guided,8,512,512,0.000010,500,16331373
guided,8,512,512,0.000001,500,11950171
guided,8,32,32,0.000100,5000,838448
guided,8,32,32,0.000010,5000,216597
guided,8,32,32,0.000001,5000,125805
guided,8,128,128,0.000100,5000,17525572
guided,8,128,128,0.000010,5000,2736636
guided,8,128,128,0.000001,5000,1139756
guided,8,256,256,0.000100,5000,77237438
guided,8,256,256,0.000010,5000,12056022
guided,8,256,256,0.000001,5000,4400430
guided,8,512,512,0.000100,5000,434690928
guided,8,512,512,0.000010,5000,82542032
guided,8,512,512,0.000001,5000,23504774
guided,8,32,32,0.000100,50000,11419630
guided,8,32,32,0.000010,50000,4886701
guided,8,32,32,0.000001,50000,772708
guided,8,128,128,0.000100,50000,252311127
guided,8,128,128,0.000010,50000,94396211
guided,8,128,128,0.000001,50000,13674839
guided,8,256,256,0.000100,50000,1134818013
guided,8,256,256,0.000010,50000,421566033
guided,8,256,256,0.000001,50000,60869450
guided,8,512,512,0.000001,50000,368058562
guided,6,32,32,0.000100,500,168055
guided,6,32,32,0.000010,500,110224
guided,6,32,32,0.000001,500,112912
guided,6,128,128,0.000100,500,2236734
guided,6,128,128,0.000010,500,1116589
guided,6,128,128,0.000001,500,1379491
guided,6,256,256,0.000100,500,9858823
guided,6,256,256,0.000010,500,4319789
guided,6,256,256,0.000001,500,3662450
guided,6,512,512,0.000010,500,19212944
guided,6,512,512,0.000001,500,14025839
guided,6,32,32,0.000100,5000,1063834
guided,6,32,32,0.000010,5000,244787
guided,6,32,32,0.000001,5000,135936
guided,6,128,128,0.000100,5000,21668854
guided,6,128,128,0.000010,5000,3332528
guided,6,128,128,0.000001,5000,1441874
guided,6,256,256,0.000100,5000,94893314
guided,6,256,256,0.000010,5000,14527719
guided,6,256,256,0.000001,5000,5445480
guided,6,512,512,0.000100,5000,547166975
guided,6,512,512,0.000010,5000,100844309
guided,6,512,512,0.000001,5000,28494840
guided,6,32,32,0.000100,50000,13994883
guided,6,32,32,0.000010,50000,6203161
guided,6,32,32,0.000001,50000,945169
guided,6,128,128,0.000100,50000,314020776
guided,6,128,128,0.000010,50000,114885397
guided,6,128,128,0.000001,50000,16872215
guided,6,256,256,0.000100,50000,1417725977
guided,6,256,256,0.000010,50000,532421584
guided,6,256,256,0.000001,50000,77586587
guided,6,512,512,0.000001,50000,477550680
guided,4,32,32,0.000100,500,202563
guided,4,32,32,0.000010,500,123171
guided,4,32,32,0.000001,500,126225
guided,4,128,128,0.000100,500,3028229
guided,4,128,128,0.000010,500,1538231
guided,4,128,128,0.000001,500,1635019
guided,4,256,256,0.000100,500,13763982
guided,4,256,256,0.000010,500,5949286
guided,4,256,256,0.000001,500,4647796
guided,4,512,512,0.000100,500,75978595
guided,4,512,512,0.000010,500,25700443
guided,4,512,512,0.000001,500,18792092
guided,4,32,32,0.000100,5000,1561016
guided,4,32,32,0.000010,5000,336737
guided,4,32,32,0.000001,5000,162652
guided,4,128,128,0.000100,5000,30821038
guided,4,128,128,0.000010,5000,4622086
guided,4,128,128,0.000001,5000,2055360
guided,4,256,256,0.000100,5000,137560648
guided,4,256,256,0.000010,5000,20812342
guided,4,256,256,0.000001,5000,7307210
guided,4,512,512,0.000100,5000,789885283
guided,4,512,512,0.000010,5000,143724832
guided,4,512,512,0.000001,5000,39046281
guided,4,32,32,0.000100,50000,20376375
guided,4,32,32,0.000010,50000,8920288
guided,4,32,32,0.000001,50000,1404552
guided,4,128,128,0.000100,50000,478760040
guided,4,128,128,0.000010,50000,175913919
guided,4,128,128,0.000001,50000,23259196
guided,4,256,256,0.000100,50000,2145206535
guided,4,256,256,0.000010,50000,776719423
guided,4,256,256,0.000001,50000,107283612
guided,4,512,512,0.000001,50000,717893286
guided,2,32,32,0.000100,500,282673
guided,2,32,32,0.000010,500,168059
guided,2,32,32,0.000001,500,140113
guided,2,128,128,0.000100,500,4991171
guided,2,128,128,0.000010,500,2439855
guided,2,128,128,0.000001,500,2116816
guided,2,256,256,0.000100,500,26062118
guided,2,256,256,0.000010,500,10179174
guided,2,256,256,0.000001,500,7821587
guided,2,512,512,0.000100,500,143334167
guided,2,512,512,0.000010,500,45141954
guided,2,512,512,0.000001,500,31477588
guided,2,32,32,0.000100,5000,2015638
guided,2,32,32,0.000010,5000,527942
guided,2,32,32,0.000001,5000,241092
guided,2,128,128,0.000100,5000,58328079
guided,2,128,128,0.000010,5000,8196165
guided,2,128,128,0.000001,5000,2857489
guided,2,256,256,0.000100,5000,242578237
guided,2,256,256,0.000010,5000,36043611
guided,2,256,256,0.000001,5000,12592766
guided,2,512,512,0.000100,5000,1383248223
guided,2,512,512,0.000010,5000,258145187
guided,2,512,512,0.000001,5000,67061128
guided,2,32,32,0.000100,50000,38798576
guided,2,32,32,0.000010,50000,15760879
guided,2,32,32,0.000001,50000,2245575
guided,2,128,128,0.000100,50000,811164080
guided,2,128,128,0.000010,50000,297249764
guided,2,128,128,0.000001,50000,44425453
guided,2,512,512,0.000010,5000,254087904
guided,2,512,512,0.000001,5000,65721196
guided,2,32,32,0.000100,50000,37553656
guided,2,32,32,0.000010,50000,16609816
guided,2,32,32,0.000001,50000,2364464
guided,2,128,128,0.000100,50000,808706750
guided,2,128,128,0.000010,50000,302995132
guided,2,128,128,0.000001,50000,44370755
guided,2,256,256,0.000100,50000,3652677137
guided,2,256,256,0.000010,50000,1341280810
guided,2,256,256,0.000001,50000,196578821
guided,2,512,512,0.000001,50000,1316485968
guided,1,32,32,0.000100,500,344420
guided,1,32,32,0.000010,500,178428
guided,1,32,32,0.000001,500,155428
guided,1,128,128,0.000100,500,6418022
guided,1,128,128,0.000010,500,3099064
guided,1,128,128,0.000001,500,2462437
guided,1,256,256,0.000100,500,40278426
guided,1,256,256,0.000010,500,13313610
guided,1,256,256,0.000001,500,10230985
guided,1,512,512,0.000100,500,227264119
guided,1,512,512,0.000010,500,72630001
guided,1,512,512,0.000001,500,48678188
guided,1,32,32,0.000100,5000,3101100
guided,1,32,32,0.000010,5000,547822
guided,1,32,32,0.000001,5000,273276
guided,1,128,128,0.000100,5000,90405288
guided,1,128,128,0.000010,5000,11101105
guided,1,128,128,0.000001,5000,4401527
guided,1,256,256,0.000100,5000,388749965
guided,1,256,256,0.000010,5000,59142610
guided,1,256,256,0.000001,5000,19623549
guided,1,512,512,0.000100,5000,2201700690
guided,1,512,512,0.000010,5000,433978583
guided,1,512,512,0.000001,5000,113520510
guided,1,512,512,0.000010,5000,422450014
guided,1,512,512,0.000001,5000,112409928
guided,1,32,32,0.000100,50000,58457900
guided,1,32,32,0.000010,50000,24186858
guided,1,32,32,0.000001,50000,3051933
guided,1,128,128,0.000100,50000,1316885002
guided,1,128,128,0.000010,50000,478493273
guided,1,128,128,0.000001,50000,72038104
guided,1,256,256,0.000100,50000,5675943724
guided,1,256,256,0.000010,50000,2120112640
guided,1,256,256,0.000001,50000,343077915
guided,1,512,512,0.000010,50000,13384552646
guided,1,512,512,0.000001,50000,2313075895
dynamic,8,32,32,0.000100,500,329281
dynamic,8,32,32,0.000010,500,282295
dynamic,8,32,32,0.000001,500,277311
dynamic,8,128,128,0.000100,500,4722348
dynamic,8,128,128,0.000010,500,3886264
dynamic,8,128,128,0.000001,500,3576280
dynamic,8,256,256,0.000100,500,20427189
dynamic,8,256,256,0.000010,500,15385775
dynamic,8,256,256,0.000001,500,14511976
dynamic,8,512,512,0.000100,500,98893604
dynamic,8,512,512,0.000010,500,69478340
dynamic,8,512,512,0.000001,500,64168175
dynamic,8,32,32,0.000100,5000,986339
dynamic,8,32,32,0.000010,5000,357852
dynamic,8,32,32,0.000001,5000,284231
dynamic,8,128,128,0.000100,5000,20369281
dynamic,8,128,128,0.000010,5000,5454775
dynamic,8,128,128,0.000001,5000,4050372
dynamic,8,256,256,0.000100,5000,87867546
dynamic,8,256,256,0.000010,5000,24680017
dynamic,8,256,256,0.000001,5000,17528120
dynamic,8,512,512,0.000100,5000,452501593
dynamic,8,512,512,0.000010,5000,126387677
dynamic,8,512,512,0.000001,5000,71660852
dynamic,8,32,32,0.000100,50000,12325041
dynamic,8,32,32,0.000010,50000,5286359
dynamic,8,32,32,0.000001,50000,884068
dynamic,8,128,128,0.000100,50000,257296601
dynamic,8,128,128,0.000010,50000,96015808
dynamic,8,128,128,0.000001,50000,15954188
dynamic,8,256,256,0.000100,50000,1133055117
dynamic,8,256,256,0.000010,50000,423372688
dynamic,8,256,256,0.000001,50000,69771912
dynamic,8,512,512,0.000001,50000,400182821
dynamic,6,32,32,0.000100,500,383186
dynamic,6,32,32,0.000010,500,323409
dynamic,6,32,32,0.000001,500,327039
dynamic,6,128,128,0.000100,500,5582277
dynamic,6,128,128,0.000010,500,4510867
dynamic,6,128,128,0.000001,500,4274268
dynamic,6,256,256,0.000100,500,24136034
dynamic,6,256,256,0.000010,500,18192981
dynamic,6,256,256,0.000001,500,16995174
dynamic,6,512,512,0.000100,500,117329920
dynamic,6,512,512,0.000010,500,81357861
dynamic,6,512,512,0.000001,500,74983155
dynamic,6,32,32,0.000100,5000,1229768
dynamic,6,32,32,0.000010,5000,426221
dynamic,6,32,32,0.000001,5000,323905
dynamic,6,128,128,0.000100,5000,25194442
dynamic,6,128,128,0.000010,5000,6509476
dynamic,6,128,128,0.000001,5000,4773756
dynamic,6,256,256,0.000100,5000,108041906
dynamic,6,256,256,0.000010,5000,29407717
dynamic,6,256,256,0.000001,5000,20505419
dynamic,6,512,512,0.000100,5000,563501993
dynamic,6,512,512,0.000010,5000,152174413
dynamic,6,512,512,0.000001,5000,84849287
dynamic,6,32,32,0.000100,50000,15369638
dynamic,6,32,32,0.000010,50000,6471550
dynamic,6,32,32,0.000001,50000,1078675
dynamic,6,128,128,0.000100,50000,322351049
dynamic,6,128,128,0.000010,50000,119536017
dynamic,6,128,128,0.000001,50000,19628758
dynamic,6,256,256,0.000100,50000,1416262874
dynamic,6,256,256,0.000010,50000,526879861
dynamic,6,256,256,0.000001,50000,85645576
dynamic,6,512,512,0.000001,50000,509866152
dynamic,4,32,32,0.000100,500,481652
dynamic,4,32,32,0.000010,500,395439
dynamic,4,32,32,0.000001,500,388005
dynamic,4,128,128,0.000100,500,7124463
dynamic,4,128,128,0.000010,500,5677684
dynamic,4,128,128,0.000001,500,5244112
dynamic,4,256,256,0.000100,500,30448845
dynamic,4,256,256,0.000010,500,22907525
dynamic,4,256,256,0.000001,500,21022487
dynamic,4,512,512,0.000100,500,150710777
dynamic,4,512,512,0.000010,500,102713571
dynamic,4,512,512,0.000001,500,93824459
dynamic,4,32,32,0.000100,5000,1699498
dynamic,4,32,32,0.000010,5000,546111
dynamic,4,32,32,0.000001,5000,405097
dynamic,4,128,128,0.000100,5000,35224048
dynamic,4,128,128,0.000010,5000,8429016
dynamic,4,128,128,0.000001,5000,6079526
dynamic,4,256,256,0.000100,5000,149678559
dynamic,4,256,256,0.000010,5000,38120638
dynamic,4,256,256,0.000001,5000,26261985
dynamic,4,512,512,0.000100,5000,792918823
dynamic,4,512,512,0.000010,5000,199103002
dynamic,4,512,512,0.000001,5000,107128233
dynamic,4,32,32,0.000100,50000,21802267
dynamic,4,32,32,0.000010,50000,9179228
dynamic,4,32,32,0.000001,50000,1490354
dynamic,4,128,128,0.000100,50000,456233196
dynamic,4,128,128,0.000010,50000,167794688
dynamic,4,128,128,0.000001,50000,27283067
dynamic,4,256,256,0.000100,50000,2008724369
dynamic,4,256,256,0.000010,50000,745341594
dynamic,4,256,256,0.000001,50000,118493686
dynamic,4,512,512,0.000001,50000,741666892
dynamic,2,32,32,0.000100,500,666741
dynamic,2,32,32,0.000010,500,517237
dynamic,2,32,32,0.000001,500,506383
dynamic,2,128,128,0.000100,500,10632295
dynamic,2,128,128,0.000010,500,8556118
dynamic,2,128,128,0.000001,500,8189649
dynamic,2,256,256,0.000100,500,45940864
dynamic,2,256,256,0.000010,500,34513185
dynamic,2,256,256,0.000001,500,32745599
dynamic,2,512,512,0.000100,500,223663544
dynamic,2,512,512,0.000010,500,141335854
dynamic,2,512,512,0.000001,500,130622350
dynamic,2,32,32,0.000100,5000,3065464
dynamic,2,32,32,0.000010,5000,843099
dynamic,2,32,32,0.000001,5000,575712
dynamic,2,128,128,0.000100,5000,63198925
dynamic,2,128,128,0.000010,5000,13181498
dynamic,2,128,128,0.000001,5000,9265146
dynamic,2,256,256,0.000100,5000,266287283
dynamic,2,256,256,0.000010,5000,57610764
dynamic,2,256,256,0.000001,5000,36941480
dynamic,2,512,512,0.000100,5000,1436592955
dynamic,2,512,512,0.000010,5000,324703785
dynamic,2,512,512,0.000001,5000,158683498
dynamic,2,32,32,0.000100,50000,39080632
dynamic,2,32,32,0.000010,50000,17059232
dynamic,2,32,32,0.000001,50000,2604443
dynamic,2,128,128,0.000100,50000,822380994
dynamic,2,128,128,0.000010,50000,307787923
dynamic,2,128,128,0.000001,50000,48735965
dynamic,2,256,256,0.000100,50000,3681942437
dynamic,2,256,256,0.000010,50000,1384122125
dynamic,2,256,256,0.000001,50000,212128659
dynamic,2,512,512,0.000001,50000,1407015559
dynamic,1,32,32,0.000100,500,366898
dynamic,1,32,32,0.000010,500,199688
dynamic,1,32,32,0.000001,500,175538
dynamic,1,128,128,0.000100,500,6744699
dynamic,1,128,128,0.000010,500,3308780
dynamic,1,128,128,0.000001,500,2749062
dynamic,1,256,256,0.000100,500,42637896
dynamic,1,256,256,0.000010,500,14504984
dynamic,1,256,256,0.000001,500,11471583
dynamic,1,512,512,0.000100,500,238301650
dynamic,1,512,512,0.000010,500,78510457
dynamic,1,512,512,0.000001,500,53140765
dynamic,1,32,32,0.000100,5000,3096587
dynamic,1,32,32,0.000010,5000,560712
dynamic,1,32,32,0.000001,5000,293368
dynamic,1,128,128,0.000100,5000,91756632
dynamic,1,128,128,0.000010,5000,11673613
dynamic,1,128,128,0.000001,5000,4746110
dynamic,1,256,256,0.000100,5000,392547061
dynamic,1,256,256,0.000010,5000,62195580
dynamic,1,256,256,0.000001,5000,20899564
dynamic,1,512,512,0.000100,5000,2198522299
dynamic,1,512,512,0.000010,5000,435599736
dynamic,1,512,512,0.000001,5000,119417087
dynamic,1,32,32,0.000100,50000,58412588
dynamic,1,32,32,0.000010,50000,24209631
dynamic,1,32,32,0.000001,50000,3050541
dynamic,1,128,128,0.000100,50000,1316251499
dynamic,1,128,128,0.000010,50000,478445285
dynamic,1,128,128,0.000001,50000,72923215
dynamic,1,256,256,0.000100,50000,5679226792
dynamic,1,256,256,0.000010,50000,2127750086
dynamic,1,256,256,0.000001,50000,348372057
dynamic,1,32,32,0.000100,50000,59049117
dynamic,1,32,32,0.000010,50000,24276083
dynamic,1,32,32,0.000001,50000,3037955
dynamic,1,128,128,0.000100,50000,1316663103
dynamic,1,128,128,0.000010,50000,498026918
dynamic,1,128,128,0.000001,50000,76046663
dynamic,1,256,256,0.000100,50000,5712299756
dynamic,1,256,256,0.000010,50000,2128359339
dynamic,1,256,256,0.000001,50000,345833104
dynamic,1,512,512,0.000010,50000,13411624378
dynamic,1,512,512,0.000001,50000,2338057806
static,8,32,32,0.000100,500,133121
static,8,32,32,0.000010,500,88500
static,8,32,32,0.000001,500,82687
static,8,128,128,0.000100,500,1310849
static,8,128,128,0.000010,500,743533
static,8,128,128,0.000001,500,1017164
static,8,256,256,0.000100,500,6072823
static,8,256,256,0.000010,500,2501316
static,8,256,256,0.000001,500,2671802
static,8,512,512,0.000100,500,41004463
static,8,512,512,0.000010,500,13989401
static,8,512,512,0.000001,500,10248702
static,8,32,32,0.000100,5000,665987
static,8,32,32,0.000010,5000,182500
static,8,32,32,0.000001,5000,116401
static,8,128,128,0.000100,5000,13484863
static,8,128,128,0.000010,5000,2016759
static,8,128,128,0.000001,5000,911264
static,8,256,256,0.000100,5000,62161008
static,8,256,256,0.000010,5000,9453043
static,8,256,256,0.000001,5000,3353057
static,8,512,512,0.000100,5000,342302716
static,8,512,512,0.000010,5000,73224446
static,8,512,512,0.000001,5000,21058013
static,8,32,32,0.000100,50000,9708015
static,8,32,32,0.000010,50000,4035745
static,8,32,32,0.000001,50000,699806
static,8,128,128,0.000100,50000,202845297
static,8,128,128,0.000010,50000,76735149
static,8,128,128,0.000001,50000,11767005
static,8,256,256,0.000100,50000,898353755
static,8,256,256,0.000010,50000,338514746
static,8,256,256,0.000001,50000,53648485
static,8,512,512,0.000001,50000,375440855
static,6,32,32,0.000100,500,139768
static,6,32,32,0.000010,500,95552
static,6,32,32,0.000001,500,89803
static,6,128,128,0.000100,500,1567636
static,6,128,128,0.000010,500,864321
static,6,128,128,0.000001,500,1068003
static,6,256,256,0.000100,500,7233534
static,6,256,256,0.000010,500,3138059
static,6,256,256,0.000001,500,2843130
static,6,512,512,0.000010,500,16560865
static,6,512,512,0.000001,500,11583572
static,6,32,32,0.000100,5000,781572
static,6,32,32,0.000010,5000,211155
static,6,32,32,0.000001,5000,129591
static,6,128,128,0.000100,5000,16697809
static,6,128,128,0.000010,5000,2317097
static,6,128,128,0.000001,5000,1196358
static,6,256,256,0.000100,5000,75537408
static,6,256,256,0.000010,5000,11162593
static,6,256,256,0.000001,5000,4092989
static,6,512,512,0.000100,5000,423300896
static,6,512,512,0.000010,5000,88255773
static,6,512,512,0.000001,5000,25279988
static,6,32,32,0.000100,50000,11540769
static,6,32,32,0.000010,50000,4795664
static,6,32,32,0.000001,50000,854007
static,6,128,128,0.000100,50000,246171229
static,6,128,128,0.000010,50000,92721549
static,6,128,128,0.000001,50000,14312318
static,6,256,256,0.000100,50000,1088073483
static,6,256,256,0.000010,50000,412897468
static,6,256,256,0.000001,50000,65357730
static,6,512,512,0.000001,50000,474170995
static,4,32,32,0.000100,500,180578
static,4,32,32,0.000010,500,112753
static,4,32,32,0.000001,500,105109
static,4,128,128,0.000100,500,2121240
static,4,128,128,0.000010,500,1131850
static,4,128,128,0.000001,500,1499049
static,4,256,256,0.000100,500,9900195
static,4,256,256,0.000010,500,4188691
static,4,256,256,0.000001,500,4045866
static,4,512,512,0.000100,500,65438831
static,4,512,512,0.000010,500,21515992
static,4,512,512,0.000001,500,15400068
static,4,32,32,0.000100,5000,1043747
static,4,32,32,0.000010,5000,248388
static,4,32,32,0.000001,5000,158959
static,4,128,128,0.000100,5000,23344782
static,4,128,128,0.000010,5000,3120594
static,4,128,128,0.000001,5000,1544753
static,4,256,256,0.000100,5000,104010853
static,4,256,256,0.000010,5000,14918716
static,4,256,256,0.000001,5000,5597435
static,4,512,512,0.000100,5000,589796730
static,4,512,512,0.000010,5000,120260578
static,4,512,512,0.000001,5000,33266645
static,4,32,32,0.000100,50000,15638260
static,4,32,32,0.000010,50000,6591001
static,4,32,32,0.000001,50000,1103763
static,4,128,128,0.000100,50000,340437516
static,4,128,128,0.000010,50000,128409411
static,4,128,128,0.000001,50000,19540322
static,4,256,256,0.000100,50000,1507774408
static,4,256,256,0.000010,50000,572102278
static,4,256,256,0.000001,50000,90810420
static,4,512,512,0.000001,50000,659493813
static,2,32,32,0.000100,500,275839
static,2,32,32,0.000010,500,148502
static,2,32,32,0.000001,500,133975
static,2,128,128,0.000100,500,3791601
static,2,128,128,0.000010,500,1935008
static,2,128,128,0.000001,500,1735889
static,2,256,256,0.000100,500,17745126
static,2,256,256,0.000010,500,7585398
static,2,256,256,0.000001,500,6308522
static,2,512,512,0.000100,500,114908162
static,2,512,512,0.000010,500,37303466
static,2,512,512,0.000001,500,26230604
static,2,32,32,0.000100,5000,1787485
static,2,32,32,0.000010,5000,376500
static,2,32,32,0.000001,5000,225415
static,2,128,128,0.000100,5000,43606821
static,2,128,128,0.000010,5000,5667866
static,2,128,128,0.000001,5000,2651760
static,2,256,256,0.000100,5000,191709682
static,2,256,256,0.000010,5000,26901142
static,2,256,256,0.000001,5000,10238561
static,2,512,512,0.000100,5000,1079650229
static,2,512,512,0.000010,5000,216375826
static,2,512,512,0.000001,5000,58847735
static,2,32,32,0.000100,50000,28670402
static,2,32,32,0.000010,50000,11894757
static,2,32,32,0.000001,50000,1815333
static,2,128,128,0.000100,50000,637915566
static,2,128,128,0.000010,50000,234339320
static,2,128,128,0.000001,50000,36184116
static,2,256,256,0.000100,50000,2805917050
static,2,256,256,0.000010,50000,1043793850
static,2,256,256,0.000001,50000,167803960
static,2,512,512,0.000001,50000,1115149026
static,1,32,32,0.000100,500,347500
static,1,32,32,0.000010,500,180952
static,1,32,32,0.000001,500,158855
static,1,128,128,0.000100,500,6337092
static,1,128,128,0.000010,500,3001927
static,1,128,128,0.000001,500,2447278
static,1,256,256,0.000100,500,39953374
static,1,256,256,0.000010,500,13378904
static,1,256,256,0.000001,500,10197790
static,1,512,512,0.000100,500,227021148
static,1,512,512,0.000010,500,72438623
static,1,512,512,0.000001,500,48879267
static,1,32,32,0.000100,5000,3049622
static,1,32,32,0.000010,5000,543209
static,1,32,32,0.000001,5000,278283
static,1,128,128,0.000100,5000,90197672
static,1,128,128,0.000010,5000,11192936
static,1,128,128,0.000001,5000,4390821
static,1,256,256,0.000100,5000,387607331
static,1,256,256,0.000010,5000,59281631
static,1,256,256,0.000001,5000,19452377
static,1,512,512,0.000100,5000,2180063225
static,1,512,512,0.000010,5000,424318751
static,1,512,512,0.000001,5000,112288966
static,1,32,32,0.000100,50000,59682992
static,1,32,32,0.000010,50000,24296407
static,1,32,32,0.000001,50000,3055615
static,1,128,128,0.000100,50000,1318355335
static,1,128,128,0.000010,50000,478543481
static,1,128,128,0.000001,50000,72436410
static,1,256,256,0.000100,50000,5696160325
static,1,256,256,0.000010,50000,2128247763
static,1,256,256,0.000001,50000,343205469
static,1,512,512,0.000010,50000,13390052502
static,1,512,512,0.000001,50000,2324815146
guided,8,32,32,0.000100,500,152333
guided,8,32,32,0.000010,500,100817
guided,8,32,32,0.000001,500,97812
guided,8,128,128,0.000100,500,1797717
guided,8,128,128,0.000010,500,926479
guided,8,128,128,0.000001,500,907710
guided,8,256,256,0.000100,500,8124510
guided,8,256,256,0.000010,500,3610835
guided,8,256,256,0.000001,500,2929522
guided,8,512,512,0.000100,500,45881399
guided,8,512,512,0.000010,500,16808536
guided,8,512,512,0.000001,500,12187246
guided,8,32,32,0.000100,5000,844625
guided,8,32,32,0.000010,5000,217769
guided,8,32,32,0.000001,5000,132842
guided,8,128,128,0.000100,5000,18332089
guided,8,128,128,0.000010,5000,2868625
guided,8,128,128,0.000001,5000,1154015
guided,8,256,256,0.000100,5000,78978516
guided,8,256,256,0.000010,5000,12375658
guided,8,256,256,0.000001,5000,4641336
guided,8,512,512,0.000100,5000,432536239
guided,8,512,512,0.000010,5000,82378004
guided,8,512,512,0.000001,5000,23548460
guided,8,32,32,0.000100,50000,11480300
guided,8,32,32,0.000010,50000,4994638
guided,8,32,32,0.000001,50000,762194
guided,8,128,128,0.000100,50000,251814678
guided,8,128,128,0.000010,50000,94505157
guided,8,128,128,0.000001,50000,13888767
guided,8,256,256,0.000100,50000,1129156721
guided,8,256,256,0.000010,50000,422734343
guided,8,256,256,0.000001,50000,60581517
guided,8,512,512,0.000001,50000,367779226
guided,6,32,32,0.000100,500,169984
guided,6,32,32,0.000010,500,107379
guided,6,32,32,0.000001,500,112466
guided,6,128,128,0.000100,500,2226053
guided,6,128,128,0.000010,500,1112456
guided,6,128,128,0.000001,500,1194118
guided,6,256,256,0.000100,500,9665922
guided,6,256,256,0.000010,500,4293855
guided,6,256,256,0.000001,500,3588244
guided,6,512,512,0.000100,500,55198557
guided,6,512,512,0.000010,500,19404421
guided,6,512,512,0.000001,500,14110826
guided,6,32,32,0.000100,5000,1065175
guided,6,32,32,0.000010,5000,254257
guided,6,32,32,0.000001,5000,143246
guided,6,128,128,0.000100,5000,21787627
guided,6,128,128,0.000010,5000,3284281
guided,6,128,128,0.000001,5000,1443687
guided,6,256,256,0.000100,5000,95730528
guided,6,256,256,0.000010,5000,14609943
guided,6,256,256,0.000001,5000,5473261
guided,6,512,512,0.000100,5000,548499047
guided,6,512,512,0.000010,5000,101578200
guided,6,512,512,0.000001,5000,28439229
guided,6,32,32,0.000100,50000,13831717
guided,6,32,32,0.000010,50000,6292698
guided,6,32,32,0.000001,50000,946238
guided,6,128,128,0.000100,50000,316768987
guided,6,128,128,0.000010,50000,115842658
guided,6,128,128,0.000001,50000,16987449
guided,6,256,256,0.000100,50000,1423290964
guided,6,256,256,0.000010,50000,528774334
guided,6,256,256,0.000001,50000,74830807
guided,6,512,512,0.000001,50000,478710184
guided,4,32,32,0.000100,500,198052
guided,4,32,32,0.000010,500,114649
guided,4,32,32,0.000001,500,120401
guided,4,128,128,0.000100,500,3005557
guided,4,128,128,0.000010,500,1516011
guided,4,128,128,0.000001,500,1428566
guided,4,256,256,0.000100,500,13495150
guided,4,256,256,0.000010,500,5892698
guided,4,256,256,0.000001,500,4634863
guided,4,512,512,0.000100,500,74467777
guided,4,512,512,0.000010,500,25028247
guided,4,512,512,0.000001,500,18412202
guided,4,32,32,0.000100,5000,1545118
guided,4,32,32,0.000010,5000,307236
guided,4,32,32,0.000001,5000,179821
guided,4,128,128,0.000100,5000,30156859
guided,4,128,128,0.000010,5000,4432074
guided,4,128,128,0.000001,5000,1963542
guided,4,256,256,0.000100,5000,130570075
guided,4,256,256,0.000010,5000,19074367
guided,4,256,256,0.000001,5000,7255922
guided,4,512,512,0.000100,5000,758081808
guided,4,512,512,0.000010,5000,137039636
guided,4,512,512,0.000001,5000,38003744
guided,4,32,32,0.000100,50000,19576099
guided,4,32,32,0.000010,50000,8944662
guided,4,32,32,0.000001,50000,1363304
guided,4,128,128,0.000100,50000,441344268
guided,4,128,128,0.000010,50000,166315237
guided,4,128,128,0.000001,50000,23562052
guided,4,256,256,0.000100,50000,2043290108
guided,4,256,256,0.000010,50000,727776178
guided,4,256,256,0.000001,50000,103164334
guided,4,512,512,0.000001,50000,701670002
guided,2,32,32,0.000100,500,286082
guided,2,32,32,0.000010,500,171296
guided,2,32,32,0.000001,500,144882
guided,2,128,128,0.000100,500,5235408
guided,2,128,128,0.000010,500,2386597
guided,2,128,128,0.000001,500,2498151
guided,2,256,256,0.000100,500,23551616
guided,2,256,256,0.000010,500,9407901
guided,2,256,256,0.000001,500,7409620
guided,2,512,512,0.000100,500,132039640
guided,2,512,512,0.000010,500,42170021
guided,2,512,512,0.000001,500,29150155
guided,2,32,32,0.000100,5000,2785326
guided,2,32,32,0.000010,5000,527991
guided,2,32,32,0.000001,5000,220225
guided,2,128,128,0.000100,5000,58227095
guided,2,128,128,0.000010,5000,8413758
guided,2,128,128,0.000001,5000,3501085
guided,2,256,256,0.000100,5000,232195773
guided,2,256,256,0.000010,5000,34928750
guided,2,256,256,0.000001,5000,12198802
guided,2,512,512,0.000100,5000,1374409217
guided,2,512,512,0.000010,5000,255089742
guided,2,512,512,0.000001,5000,67350989
guided,2,32,32,0.000100,50000,37571593
guided,2,32,32,0.000010,50000,16243861
guided,2,32,32,0.000001,50000,2424009
guided,2,128,128,0.000100,50000,811576481
guided,2,128,128,0.000010,50000,302682686
guided,2,128,128,0.000001,50000,44983777
guided,2,256,256,0.000100,50000,3684547170
guided,2,256,256,0.000010,50000,1348495506
guided,2,256,256,0.000001,50000,188969763
guided,2,512,512,0.000001,50000,1348728345
guided,1,32,32,0.000100,500,348387
guided,1,32,32,0.000010,500,178484
guided,1,32,32,0.000001,500,156273
guided,1,128,128,0.000100,500,6363846
guided,1,128,128,0.000010,500,2987909
guided,1,128,128,0.000001,500,2459801
guided,1,256,256,0.000100,500,40159895
guided,1,256,256,0.000010,500,13223612
guided,1,256,256,0.000001,500,10176516
guided,1,512,512,0.000100,500,228576182
guided,1,512,512,0.000010,500,72609977
guided,1,512,512,0.000001,500,48736903
guided,1,32,32,0.000100,5000,3062442
guided,1,32,32,0.000010,5000,537538
guided,1,32,32,0.000001,5000,273099
guided,1,128,128,0.000100,5000,90287347
guided,1,128,128,0.000010,5000,11251429
guided,1,128,128,0.000001,5000,4398797
guided,1,256,256,0.000100,5000,390318727
guided,1,256,256,0.000010,5000,59571100
guided,1,256,256,0.000001,5000,19453243
guided,1,512,512,0.000100,5000,2186157281
guided,1,512,512,0.000010,5000,424656658
guided,1,512,512,0.000001,5000,112904506
guided,1,32,32,0.000100,50000,59033870
guided,1,32,32,0.000010,50000,24272678
guided,1,32,32,0.000001,50000,3055299
guided,1,128,128,0.000100,50000,1320380445
guided,1,128,128,0.000010,50000,479416573
guided,1,128,128,0.000001,50000,72175057
guided,1,256,256,0.000100,50000,5699647677
guided,1,256,256,0.000010,50000,2124922316
guided,1,256,256,0.000001,50000,345118840
guided,1,512,512,0.000001,50000,2318276343
dynamic,8,32,32,0.000100,500,333918
dynamic,8,32,32,0.000010,500,283505
dynamic,8,32,32,0.000001,500,281664
dynamic,8,128,128,0.000100,500,4715732
dynamic,8,128,128,0.000010,500,3868320
dynamic,8,128,128,0.000001,500,3584590
dynamic,8,256,256,0.000100,500,20475702
dynamic,8,256,256,0.000010,500,15429544
dynamic,8,256,256,0.000001,500,14528500
dynamic,8,512,512,0.000100,500,99140240
dynamic,8,512,512,0.000010,500,69513764
dynamic,8,512,512,0.000001,500,64512595
dynamic,8,32,32,0.000100,5000,1001516
dynamic,8,32,32,0.000010,5000,363210
dynamic,8,32,32,0.000001,5000,281658
dynamic,8,128,128,0.000100,5000,20295451
dynamic,8,128,128,0.000010,5000,5423445
dynamic,8,128,128,0.000001,5000,4042185
dynamic,8,256,256,0.000100,5000,88106583
dynamic,8,256,256,0.000010,5000,24735973
dynamic,8,256,256,0.000001,5000,17522454
dynamic,8,512,512,0.000100,5000,453743976
dynamic,8,512,512,0.000010,5000,126570158
dynamic,8,512,512,0.000001,5000,71662826
dynamic,8,32,32,0.000100,50000,12366033
dynamic,8,32,32,0.000010,50000,5185309
dynamic,8,32,32,0.000001,50000,877241
dynamic,8,128,128,0.000100,50000,257560182
dynamic,8,128,128,0.000010,50000,96461761
dynamic,8,128,128,0.000001,50000,15960384
dynamic,8,256,256,0.000100,50000,1135431035
dynamic,8,256,256,0.000010,50000,424830471
dynamic,8,256,256,0.000001,50000,70060921
dynamic,8,512,512,0.000001,50000,400900684
dynamic,6,32,32,0.000100,500,385347
dynamic,6,32,32,0.000010,500,319948
dynamic,6,32,32,0.000001,500,319208
dynamic,6,128,128,0.000100,500,5582635
dynamic,6,128,128,0.000010,500,4516976
dynamic,6,128,128,0.000001,500,3993178
dynamic,6,256,256,0.000100,500,24147161
dynamic,6,256,256,0.000010,500,18311541
dynamic,6,256,256,0.000001,500,17026820
dynamic,6,512,512,0.000100,500,117562480
dynamic,6,512,512,0.000010,500,81145132
dynamic,6,512,512,0.000001,500,74668840
dynamic,6,32,32,0.000100,5000,1229650
dynamic,6,32,32,0.000010,5000,412000
dynamic,6,32,32,0.000001,5000,324741
dynamic,6,128,128,0.000100,5000,25296036
dynamic,6,128,128,0.000010,5000,6538262
dynamic,6,128,128,0.000001,5000,4802787
dynamic,6,256,256,0.000100,5000,108419187
dynamic,6,256,256,0.000010,5000,29444869
dynamic,6,256,256,0.000001,5000,20616413
dynamic,6,512,512,0.000100,5000,565095880
dynamic,6,512,512,0.000010,5000,152202742
dynamic,6,512,512,0.000001,5000,84862349
dynamic,6,32,32,0.000100,50000,15375188
dynamic,6,32,32,0.000010,50000,6483531
dynamic,6,32,32,0.000001,50000,1081424
dynamic,6,128,128,0.000100,50000,322630608
dynamic,6,128,128,0.000010,50000,119760272
dynamic,6,128,128,0.000001,50000,19694809
dynamic,6,256,256,0.000100,50000,1419748058
dynamic,6,256,256,0.000010,50000,528184965
dynamic,6,256,256,0.000001,50000,85749782
dynamic,6,512,512,0.000001,50000,512571799
dynamic,4,32,32,0.000100,500,447833
dynamic,4,32,32,0.000010,500,390085
dynamic,4,32,32,0.000001,500,389332
dynamic,4,128,128,0.000100,500,7128547
dynamic,4,128,128,0.000010,500,5725005
dynamic,4,128,128,0.000001,500,5239613
dynamic,4,256,256,0.000100,500,30524056
dynamic,4,256,256,0.000010,500,22962676
dynamic,4,256,256,0.000001,500,21530863
dynamic,4,512,512,0.000100,500,150978457
dynamic,4,512,512,0.000010,500,102632851
dynamic,4,512,512,0.000001,500,93787142
dynamic,4,32,32,0.000100,5000,1726020
dynamic,4,32,32,0.000010,5000,545330
dynamic,4,32,32,0.000001,5000,402585
dynamic,4,128,128,0.000100,5000,35387628
dynamic,4,128,128,0.000010,5000,8495734
dynamic,4,128,128,0.000001,5000,6053197
dynamic,4,256,256,0.000100,5000,149949371
dynamic,4,256,256,0.000010,5000,38078372
dynamic,4,256,256,0.000001,5000,26139968
dynamic,4,512,512,0.000100,5000,793595927
dynamic,4,512,512,0.000010,5000,199871257
dynamic,4,512,512,0.000001,5000,106859788
dynamic,4,32,32,0.000100,50000,21808984
dynamic,4,32,32,0.000010,50000,9213506
dynamic,4,32,32,0.000001,50000,1473462
dynamic,4,128,128,0.000100,50000,456426547
dynamic,4,128,128,0.000010,50000,167873440
dynamic,4,128,128,0.000001,50000,27293357
dynamic,4,256,256,0.000100,50000,2012772148
dynamic,4,256,256,0.000010,50000,747871894
dynamic,4,256,256,0.000001,50000,118793301
dynamic,4,512,512,0.000001,50000,740925983
dynamic,2,32,32,0.000100,500,669444
dynamic,2,32,32,0.000010,500,522856
dynamic,2,32,32,0.000001,500,514085
dynamic,2,128,128,0.000100,500,10688026
dynamic,2,128,128,0.000010,500,8547074
dynamic,2,128,128,0.000001,500,7841614
dynamic,2,256,256,0.000100,500,46003875
dynamic,2,256,256,0.000010,500,33704144
dynamic,2,256,256,0.000001,500,32985361
dynamic,2,512,512,0.000100,500,224662360
dynamic,2,512,512,0.000010,500,141804686
dynamic,2,512,512,0.000001,500,128862029
dynamic,2,32,32,0.000100,5000,3084656
dynamic,2,32,32,0.000010,5000,846540
dynamic,2,32,32,0.000001,5000,587870
dynamic,2,128,128,0.000100,5000,63602247
dynamic,2,128,128,0.000010,5000,13222684
dynamic,2,128,128,0.000001,5000,9361366
dynamic,2,256,256,0.000100,5000,266637030
dynamic,2,256,256,0.000010,5000,57922922
dynamic,2,256,256,0.000001,5000,37077998
dynamic,2,512,512,0.000100,5000,1438811314
dynamic,2,512,512,0.000010,5000,325649387
dynamic,2,512,512,0.000001,5000,159263982
dynamic,2,32,32,0.000100,50000,38416888
dynamic,2,32,32,0.000010,50000,17026964
dynamic,2,32,32,0.000001,50000,2625757
dynamic,2,128,128,0.000100,50000,825961100
dynamic,2,128,128,0.000010,50000,308238594
dynamic,2,128,128,0.000001,50000,48898379
dynamic,2,256,256,0.000100,50000,3681379406
dynamic,2,256,256,0.000010,50000,1384778165
dynamic,2,256,256,0.000001,50000,212540065
dynamic,2,512,512,0.000001,50000,1409878589
dynamic,1,32,32,0.000100,500,370580
dynamic,1,32,32,0.000010,500,198556
dynamic,1,32,32,0.000001,500,178155
dynamic,1,128,128,0.000100,500,6741379
dynamic,1,128,128,0.000010,500,3309458
dynamic,1,128,128,0.000001,500,2754856
dynamic,1,256,256,0.000100,500,43033001
dynamic,1,256,256,0.000010,500,14695714
dynamic,1,256,256,0.000001,500,11428210
dynamic,1,512,512,0.000100,500,238755172
dynamic,1,512,512,0.000010,500,78958022
dynamic,1,512,512,0.000001,500,53804075
dynamic,1,32,32,0.000100,5000,3087091
dynamic,1,32,32,0.000010,5000,559126
dynamic,1,32,32,0.000001,5000,295406
dynamic,1,128,128,0.000100,5000,91318754
dynamic,1,128,128,0.000010,5000,11654804
dynamic,1,128,128,0.000001,5000,4719049
dynamic,1,256,256,0.000100,5000,395216003
dynamic,1,256,256,0.000010,5000,62553603
dynamic,1,256,256,0.000001,5000,21011201
dynamic,1,512,512,0.000100,5000,2208934199
dynamic,1,512,512,0.000010,5000,437496600
dynamic,1,512,512,0.000001,5000,119693727
dynamic,1,32,32,0.000100,50000,58715665
dynamic,1,32,32,0.000010,50000,24289940
dynamic,1,32,32,0.000001,50000,3077519
dynamic,1,128,128,0.000100,50000,1322054096
dynamic,1,128,128,0.000010,50000,480019250
dynamic,1,128,128,0.000001,50000,73159088
dynamic,1,256,256,0.000100,50000,5696171418
dynamic,1,256,256,0.000010,50000,2145152100
dynamic,1,256,256,0.000001,50000,346985049
dynamic,1,512,512,0.000001,50000,2346501515
static,8,32,32,0.000100,500,129685
static,8,32,32,0.000010,500,89872
static,8,32,32,0.000001,500,78721
static,8,128,128,0.000100,500,1292210
static,8,128,128,0.000010,500,718315
static,8,128,128,0.000001,500,1087508
static,8,256,256,0.000100,500,5938906
static,8,256,256,0.000010,500,2605411
static,8,256,256,0.000001,500,2669400
static,8,512,512,0.000100,500,41248652
static,8,512,512,0.000010,500,14170367
static,8,512,512,0.000001,500,10046098
static,8,32,32,0.000100,5000,661220
static,8,32,32,0.000010,5000,183089
static,8,32,32,0.000001,5000,108827
static,8,128,128,0.000100,5000,13831186
static,8,128,128,0.000010,5000,1939417
static,8,128,128,0.000001,5000,963618
static,8,256,256,0.000100,5000,62421566
static,8,256,256,0.000010,5000,9444954
static,8,256,256,0.000001,5000,3351249
static,8,512,512,0.000100,5000,342226244
static,8,512,512,0.000010,5000,73303725
static,8,512,512,0.000001,5000,21331975
static,8,32,32,0.000100,50000,9737352
static,8,32,32,0.000010,50000,4098414
static,8,32,32,0.000001,50000,708296
static,8,128,128,0.000100,50000,203185201
static,8,128,128,0.000010,50000,76952836
static,8,128,128,0.000001,50000,11707366
static,8,256,256,0.000100,50000,897604202
static,8,256,256,0.000010,50000,338211357
static,8,256,256,0.000001,50000,54049370
static,8,512,512,0.000001,50000,374366296
static,6,32,32,0.000100,500,150538
static,6,32,32,0.000010,500,100418
static,6,32,32,0.000001,500,88780
static,6,128,128,0.000100,500,1576657
static,6,128,128,0.000010,500,851026
static,6,128,128,0.000001,500,913709
static,6,256,256,0.000100,500,7249051
static,6,256,256,0.000010,500,3046187
static,6,256,256,0.000001,500,2815952
static,6,512,512,0.000100,500,49030712
static,6,512,512,0.000010,500,16523745
static,6,512,512,0.000001,500,11837754
static,6,32,32,0.000100,5000,784791
static,6,32,32,0.000010,5000,210354
static,6,32,32,0.000001,5000,124060
static,6,128,128,0.000100,5000,16827121
static,6,128,128,0.000010,5000,2322198
static,6,128,128,0.000001,5000,1133101
static,6,256,256,0.000100,5000,75541032
static,6,256,256,0.000010,5000,11094684
static,6,256,256,0.000001,5000,4101997
static,6,512,512,0.000100,5000,424013150
static,6,512,512,0.000010,5000,88308257
static,6,512,512,0.000001,5000,25242702
static,6,32,32,0.000100,50000,11599776
static,6,32,32,0.000010,50000,4857506
static,6,32,32,0.000001,50000,844523
static,6,128,128,0.000100,50000,246077449
static,6,128,128,0.000010,50000,93187310
static,6,128,128,0.000001,50000,14246451
static,6,256,256,0.000100,50000,1085381792
static,6,256,256,0.000010,50000,413406399
static,6,256,256,0.000001,50000,65474346
static,6,512,512,0.000001,50000,471858053
static,4,32,32,0.000100,500,181204
static,4,32,32,0.000010,500,115549
static,4,32,32,0.000001,500,103315
static,4,128,128,0.000100,500,2142808
static,4,128,128,0.000010,500,1110052
static,4,128,128,0.000001,500,1151715
static,4,256,256,0.000100,500,9924486
static,4,256,256,0.000010,500,4174307
static,4,256,256,0.000001,500,4041099
static,4,512,512,0.000100,500,65679233
static,4,512,512,0.000010,500,21496403
static,4,512,512,0.000001,500,15126581
static,4,32,32,0.000100,5000,985874
static,4,32,32,0.000010,5000,263768
static,4,32,32,0.000001,5000,153720
static,4,128,128,0.000100,5000,23278892
static,4,128,128,0.000010,5000,3151814
static,4,128,128,0.000001,5000,1485775
static,4,256,256,0.000100,5000,104241134
static,4,256,256,0.000010,5000,14958445
static,4,256,256,0.000001,5000,5679177
static,4,512,512,0.000100,5000,590913823
static,4,512,512,0.000010,5000,119854335
static,4,512,512,0.000001,5000,33635630
static,4,32,32,0.000100,50000,15596607
static,4,32,32,0.000010,50000,6591723
static,4,32,32,0.000001,50000,1110338
static,4,128,128,0.000100,50000,345965236
static,4,128,128,0.000010,50000,131021269
static,4,128,128,0.000001,50000,20168796
static,4,256,256,0.000100,50000,1513764665
static,4,256,256,0.000010,50000,571883515
static,4,256,256,0.000001,50000,90720979
static,4,512,512,0.000001,50000,654485388
static,2,32,32,0.000100,500,272462
static,2,32,32,0.000010,500,165611
static,2,32,32,0.000001,500,142962
static,2,128,128,0.000100,500,3716470
static,2,128,128,0.000010,500,1924651
static,2,128,128,0.000001,500,1888676
static,2,256,256,0.000100,500,17816487
static,2,256,256,0.000010,500,7582278
static,2,256,256,0.000001,500,6341489
static,2,512,512,0.000100,500,115299373
static,2,512,512,0.000010,500,37272808
static,2,512,512,0.000001,500,26447740
static,2,32,32,0.000100,5000,1769841
static,2,32,32,0.000010,5000,401152
static,2,32,32,0.000001,5000,202795
static,2,128,128,0.000100,5000,44388205
static,2,128,128,0.000010,5000,5728110
static,2,128,128,0.000001,5000,2692452
static,2,256,256,0.000100,5000,191807455
static,2,256,256,0.000010,5000,26852438
static,2,256,256,0.000001,5000,10234049
static,2,512,512,0.000100,5000,1078497740
static,2,512,512,0.000010,5000,216247107
static,2,512,512,0.000001,5000,59039170
static,2,32,32,0.000100,50000,28540885
static,2,32,32,0.000010,50000,11852098
static,2,32,32,0.000001,50000,1818078
static,2,128,128,0.000100,50000,634721584
static,2,128,128,0.000010,50000,235037714
static,2,128,128,0.000001,50000,36228940
static,2,256,256,0.000100,50000,2796547410
static,2,256,256,0.000010,50000,1045473967
static,2,256,256,0.000001,50000,167064171
static,2,512,512,0.000001,50000,1118048058
static,1,32,32,0.000100,500,347457
static,1,32,32,0.000010,500,180422
static,1,32,32,0.000001,500,157629
static,1,128,128,0.000100,500,6363768
static,1,128,128,0.000010,500,3018434
static,1,128,128,0.000001,500,2496949
static,1,256,256,0.000100,500,40179639
static,1,256,256,0.000010,500,13243353
static,1,256,256,0.000001,500,10210362
static,1,512,512,0.000100,500,227562314
static,1,512,512,0.000010,500,72816201
static,1,512,512,0.000001,500,48964540
static,1,32,32,0.000100,5000,3034074
static,1,32,32,0.000010,5000,540745
static,1,32,32,0.000001,5000,273049
static,1,128,128,0.000100,5000,90197194
static,1,128,128,0.000010,5000,11174557
static,1,128,128,0.000001,5000,4385116
static,1,256,256,0.000100,5000,389276429
static,1,256,256,0.000010,5000,59527419
static,1,256,256,0.000001,5000,19553470
static,1,512,512,0.000100,5000,2188448177
static,1,512,512,0.000010,5000,423379730
static,1,512,512,0.000001,5000,113178068
static,1,32,32,0.000100,50000,58863405
static,1,32,32,0.000010,50000,24771221
static,1,32,32,0.000001,50000,3056630
static,1,128,128,0.000100,50000,1320763278
static,1,128,128,0.000010,50000,478854406
static,1,128,128,0.000001,50000,72131346
static,1,256,256,0.000100,50000,5693684927
static,1,256,256,0.000010,50000,2128093479
static,1,256,256,0.000001,50000,342171149
static,1,512,512,0.000001,50000,2323620359
guided,8,32,32,0.000100,500,146058
guided,8,32,32,0.000010,500,104283
guided,8,32,32,0.000001,500,100499
guided,8,128,128,0.000100,500,1869238
guided,8,128,128,0.000010,500,933007
guided,8,128,128,0.000001,500,1217774
guided,8,256,256,0.000100,500,8202268
guided,8,256,256,0.000010,500,3480708
guided,8,256,256,0.000001,500,2894869
guided,8,512,512,0.000100,500,46725964
guided,8,512,512,0.000010,500,16457435
guided,8,512,512,0.000001,500,12313703
guided,8,32,32,0.000100,5000,918955
guided,8,32,32,0.000010,5000,220076
guided,8,32,32,0.000001,5000,127084
guided,8,128,128,0.000100,5000,17739552
guided,8,128,128,0.000010,5000,2700725
guided,8,128,128,0.000001,5000,1195511
guided,8,256,256,0.000100,5000,79203767
guided,8,256,256,0.000010,5000,12252545
guided,8,256,256,0.000001,5000,4500127
guided,8,512,512,0.000100,5000,441714328
guided,8,512,512,0.000010,5000,83924631
guided,8,512,512,0.000001,5000,23941318
guided,8,32,32,0.000100,50000,11454409
guided,8,32,32,0.000010,50000,5033404
guided,8,32,32,0.000001,50000,808030
guided,8,128,128,0.000100,50000,254995485
guided,8,128,128,0.000010,50000,96272365
guided,8,128,128,0.000001,50000,13800575
guided,8,256,256,0.000100,50000,1144202559
guided,8,256,256,0.000010,50000,429278702
guided,8,256,256,0.000001,50000,61363961
guided,8,512,512,0.000001,50000,372190363
guided,6,32,32,0.000100,500,168838
guided,6,32,32,0.000010,500,111902
guided,6,32,32,0.000001,500,106536
guided,6,128,128,0.000100,500,2253351
guided,6,128,128,0.000010,500,1107428
guided,6,128,128,0.000001,500,1369513
guided,6,256,256,0.000100,500,9817177
guided,6,256,256,0.000010,500,4219978
guided,6,256,256,0.000001,500,3652788
guided,6,512,512,0.000100,500,55602536
guided,6,512,512,0.000010,500,19297287
guided,6,512,512,0.000001,500,14322309
guided,6,32,32,0.000100,5000,1054232
guided,6,32,32,0.000010,5000,257714
guided,6,32,32,0.000001,5000,139765
guided,6,128,128,0.000100,5000,21461551
guided,6,128,128,0.000010,5000,3308339
guided,6,128,128,0.000001,5000,1449952
guided,6,256,256,0.000100,5000,96630364
guided,6,256,256,0.000010,5000,14507454
guided,6,256,256,0.000001,5000,5468021
guided,6,512,512,0.000100,5000,550294592
guided,6,512,512,0.000010,5000,102132752
guided,6,512,512,0.000001,5000,28736602
guided,6,32,32,0.000100,50000,14064414
guided,6,32,32,0.000010,50000,6118531
guided,6,32,32,0.000001,50000,960565
guided,6,128,128,0.000100,50000,317408896
guided,6,128,128,0.000010,50000,117452414
guided,6,128,128,0.000001,50000,17029136
guided,6,256,256,0.000100,50000,1434681214
guided,6,256,256,0.000010,50000,524812444
guided,6,256,256,0.000001,50000,75067014
guided,6,512,512,0.000001,50000,478855680
guided,4,32,32,0.000100,500,199738
guided,4,32,32,0.000010,500,135202
guided,4,32,32,0.000001,500,122439
guided,4,128,128,0.000100,500,3063309
guided,4,128,128,0.000010,500,1495453
guided,4,128,128,0.000001,500,1595461
guided,4,256,256,0.000100,500,13622973
guided,4,256,256,0.000010,500,5945196
guided,4,256,256,0.000001,500,4662619
guided,4,512,512,0.000100,500,74839207
guided,4,512,512,0.000010,500,25072398
guided,4,512,512,0.000001,500,18347728
guided,4,32,32,0.000100,5000,1543550
guided,4,32,32,0.000010,5000,341291
guided,4,32,32,0.000001,5000,179277
guided,4,128,128,0.000100,5000,30488118
guided,4,128,128,0.000010,5000,4503598
guided,4,128,128,0.000001,5000,1952226
guided,4,256,256,0.000100,5000,130022401
guided,4,256,256,0.000010,5000,19265835
guided,4,256,256,0.000001,5000,7211772
guided,4,512,512,0.000100,5000,772916351
guided,4,512,512,0.000010,5000,139751737
guided,4,512,512,0.000001,5000,37689650
guided,4,32,32,0.000100,50000,19993283
guided,4,32,32,0.000010,50000,8949091
guided,4,32,32,0.000001,50000,1361685
guided,4,128,128,0.000100,50000,436265299
guided,4,128,128,0.000010,50000,166734859
guided,4,128,128,0.000001,50000,23452074
guided,4,256,256,0.000100,50000,2032549856
guided,4,256,256,0.000010,50000,730187304
guided,4,256,256,0.000001,50000,102279836
guided,4,512,512,0.000001,50000,712034705
guided,2,32,32,0.000100,500,282627
guided,2,32,32,0.000010,500,169737
guided,2,32,32,0.000001,500,146239
guided,2,128,128,0.000100,500,5264668
guided,2,128,128,0.000010,500,2390490
guided,2,128,128,0.000001,500,2238573
guided,2,256,256,0.000100,500,23789446
guided,2,256,256,0.000010,500,9685394
guided,2,256,256,0.000001,500,7577571
guided,2,512,512,0.000100,500,131990354
guided,2,512,512,0.000010,500,42116587
guided,2,512,512,0.000001,500,29456189
guided,2,32,32,0.000100,5000,2613699
guided,2,32,32,0.000010,5000,549868
guided,2,32,32,0.000001,5000,242361
guided,2,128,128,0.000100,5000,58045921
guided,2,128,128,0.000010,5000,7993905
guided,2,128,128,0.000001,5000,3263043
guided,2,256,256,0.000100,5000,232935798
guided,2,256,256,0.000010,5000,35232282
guided,2,256,256,0.000001,5000,12366319
guided,2,512,512,0.000100,5000,1367527640
guided,2,512,512,0.000010,5000,255359103
guided,2,512,512,0.000001,5000,66422625
guided,2,32,32,0.000100,50000,37763414
guided,2,32,32,0.000010,50000,16743745
guided,2,32,32,0.000001,50000,2410040
guided,2,128,128,0.000100,50000,809769563
guided,2,128,128,0.000010,50000,306355391
guided,2,128,128,0.000001,50000,44846597
guided,2,256,256,0.000100,50000,3676160714
guided,2,256,256,0.000010,50000,1328894714
guided,2,256,256,0.000001,50000,189639371
guided,2,512,512,0.000001,50000,1351119150
guided,1,32,32,0.000100,500,342357
guided,1,32,32,0.000010,500,179768
guided,1,32,32,0.000001,500,155374
guided,1,128,128,0.000100,500,6316259
guided,1,128,128,0.000010,500,2980361
guided,1,128,128,0.000001,500,2452810
guided,1,256,256,0.000100,500,39993075
guided,1,256,256,0.000010,500,13245291
guided,1,256,256,0.000001,500,10227355
guided,1,512,512,0.000100,500,228647911
guided,1,512,512,0.000010,500,72566279
guided,1,512,512,0.000001,500,48747667
guided,1,32,32,0.000100,5000,3079675
guided,1,32,32,0.000010,5000,543501
guided,1,32,32,0.000001,5000,275739
guided,1,128,128,0.000100,5000,91040280
guided,1,128,128,0.000010,5000,11212545
guided,1,128,128,0.000001,5000,4406614
guided,1,256,256,0.000100,5000,388929947
guided,1,256,256,0.000010,5000,59198123
guided,1,256,256,0.000001,5000,19640484
guided,1,512,512,0.000100,5000,2191572388
guided,1,512,512,0.000010,5000,424487785
guided,1,512,512,0.000001,5000,112811595
guided,1,32,32,0.000100,50000,58716386
guided,1,32,32,0.000010,50000,24140650
guided,1,32,32,0.000001,50000,3068826
guided,1,128,128,0.000100,50000,1320436678
guided,1,128,128,0.000010,50000,479631452
guided,1,128,128,0.000001,50000,73262640
guided,1,256,256,0.000100,50000,5699360445
guided,1,256,256,0.000010,50000,2127042392
guided,1,256,256,0.000001,50000,343353756
guided,1,512,512,0.000001,50000,2330404117
dynamic,8,32,32,0.000100,500,319971
dynamic,8,32,32,0.000010,500,277857
dynamic,8,32,32,0.000001,500,277941
dynamic,8,128,128,0.000100,500,4708297
dynamic,8,128,128,0.000010,500,3881629
dynamic,8,128,128,0.000001,500,3614177
dynamic,8,256,256,0.000100,500,20344370
dynamic,8,256,256,0.000010,500,15432057
dynamic,8,256,256,0.000001,500,14610556
dynamic,8,512,512,0.000100,500,99129826
dynamic,8,512,512,0.000010,500,69769117
dynamic,8,512,512,0.000001,500,64126823
dynamic,8,32,32,0.000100,5000,995841
dynamic,8,32,32,0.000010,5000,363137
dynamic,8,32,32,0.000001,5000,279694
dynamic,8,128,128,0.000100,5000,20473575
dynamic,8,128,128,0.000010,5000,5436400
dynamic,8,128,128,0.000001,5000,4090373
dynamic,8,256,256,0.000100,5000,88368330
dynamic,8,256,256,0.000010,5000,24840647
dynamic,8,256,256,0.000001,5000,17467692
dynamic,8,512,512,0.000100,5000,456970223
dynamic,8,512,512,0.000010,5000,126484863
dynamic,8,512,512,0.000001,5000,71709160
dynamic,8,32,32,0.000100,50000,12361605
dynamic,8,32,32,0.000010,50000,5187125
dynamic,8,32,32,0.000001,50000,888703
dynamic,8,128,128,0.000100,50000,258349021
dynamic,8,128,128,0.000010,50000,96513274
dynamic,8,128,128,0.000001,50000,15998808
dynamic,8,256,256,0.000100,50000,1138096472
dynamic,8,256,256,0.000010,50000,425671198
dynamic,8,256,256,0.000001,50000,70010289
dynamic,8,512,512,0.000001,50000,400977267
dynamic,6,32,32,0.000100,500,385792
dynamic,6,32,32,0.000010,500,306979
dynamic,6,32,32,0.000001,500,326665
dynamic,6,128,128,0.000100,500,5512486
dynamic,6,128,128,0.000010,500,4532083
dynamic,6,128,128,0.000001,500,4350255
dynamic,6,256,256,0.000100,500,24084163
dynamic,6,256,256,0.000010,500,18239233
dynamic,6,256,256,0.000001,500,17076267
dynamic,6,512,512,0.000100,500,117499377
dynamic,6,512,512,0.000010,500,81199098
dynamic,6,512,512,0.000001,500,74960251
dynamic,6,32,32,0.000100,5000,1242848
dynamic,6,32,32,0.000010,5000,429263
dynamic,6,32,32,0.000001,5000,327317
dynamic,6,128,128,0.000100,5000,25290938
dynamic,6,128,128,0.000010,5000,6521460
dynamic,6,128,128,0.000001,5000,4797765
dynamic,6,256,256,0.000100,5000,108423775
dynamic,6,256,256,0.000010,5000,29494140
dynamic,6,256,256,0.000001,5000,20697233
dynamic,6,512,512,0.000100,5000,565064934
dynamic,6,512,512,0.000010,5000,152351767
dynamic,6,512,512,0.000001,5000,84925856
dynamic,6,32,32,0.000100,50000,15412179
dynamic,6,32,32,0.000010,50000,6488535
dynamic,6,32,32,0.000001,50000,1096505
dynamic,6,128,128,0.000100,50000,323547559
dynamic,6,128,128,0.000010,50000,119707949
dynamic,6,128,128,0.000001,50000,19699686
dynamic,6,256,256,0.000100,50000,1420160869
dynamic,6,256,256,0.000010,50000,527875395
dynamic,6,256,256,0.000001,50000,85831189
dynamic,6,512,512,0.000001,50000,512426518
dynamic,4,32,32,0.000100,500,484379
dynamic,4,32,32,0.000010,500,390699
dynamic,4,32,32,0.000001,500,390471
dynamic,4,128,128,0.000100,500,7154749
dynamic,4,128,128,0.000010,500,5690183
dynamic,4,128,128,0.000001,500,5164071
dynamic,4,256,256,0.000100,500,30516114
dynamic,4,256,256,0.000010,500,22912445
dynamic,4,256,256,0.000001,500,21220552
dynamic,4,512,512,0.000100,500,151056988
dynamic,4,512,512,0.000010,500,102378075
dynamic,4,512,512,0.000001,500,93894246
dynamic,4,32,32,0.000100,5000,1705372
dynamic,4,32,32,0.000010,5000,540620
dynamic,4,32,32,0.000001,5000,404675
dynamic,4,128,128,0.000100,5000,35271119
dynamic,4,128,128,0.000010,5000,8446639
dynamic,4,128,128,0.000001,5000,6131491
dynamic,4,256,256,0.000100,5000,150160410
dynamic,4,256,256,0.000010,5000,38118013
dynamic,4,256,256,0.000001,5000,26328651
dynamic,4,512,512,0.000100,5000,799740116
dynamic,4,512,512,0.000010,5000,199674154
dynamic,4,512,512,0.000001,5000,108157258
dynamic,4,32,32,0.000100,50000,22007005
dynamic,4,32,32,0.000010,50000,9180369
dynamic,4,32,32,0.000001,50000,1476725
dynamic,4,128,128,0.000100,50000,464168516
dynamic,4,128,128,0.000010,50000,170371130
dynamic,4,128,128,0.000001,50000,27402197
dynamic,4,256,256,0.000100,50000,2050892220
dynamic,4,256,256,0.000010,50000,774145710
dynamic,4,256,256,0.000001,50000,123205434
dynamic,4,512,512,0.000001,50000,755147268
dynamic,2,32,32,0.000100,500,672570
dynamic,2,32,32,0.000010,500,526689
dynamic,2,32,32,0.000001,500,374612
dynamic,2,128,128,0.000100,500,10552239
dynamic,2,128,128,0.000010,500,8605620
dynamic,2,128,128,0.000001,500,8248724
dynamic,2,256,256,0.000100,500,46929847
dynamic,2,256,256,0.000010,500,33971824
dynamic,2,256,256,0.000001,500,31972545
dynamic,2,512,512,0.000100,500,227599425
dynamic,2,512,512,0.000010,500,141911537
dynamic,2,512,512,0.000001,500,130502678
dynamic,2,32,32,0.000100,5000,3122746
dynamic,2,32,32,0.000010,5000,852414
dynamic,2,32,32,0.000001,5000,578821
dynamic,2,128,128,0.000100,5000,64104003
dynamic,2,128,128,0.000010,5000,13185512
dynamic,2,128,128,0.000001,5000,9344490
dynamic,2,256,256,0.000100,5000,272033715
dynamic,2,256,256,0.000010,5000,58956274
dynamic,2,256,256,0.000001,5000,37062333
dynamic,2,512,512,0.000100,5000,1446216665
dynamic,2,512,512,0.000010,5000,323379807
dynamic,2,512,512,0.000001,5000,149856392
dynamic,2,32,32,0.000100,50000,39146108
dynamic,2,32,32,0.000010,50000,16102498
dynamic,2,32,32,0.000001,50000,1869987
dynamic,2,128,128,0.000100,50000,863705773
dynamic,2,128,128,0.000010,50000,306821309
dynamic,2,128,128,0.000001,50000,46880103
