method,n_threads,grid_height,grid_width,mutation_rate,genome_size,time
for_swap,8,32,32,0.000100,500,140447
for_swap,8,32,32,0.000010,500,303373
for_swap,8,32,32,0.000001,500,79613
for_swap,8,128,128,0.000100,500,1837381
for_swap,8,128,128,0.000010,500,1035636
for_swap,8,128,128,0.000001,500,1126300
for_swap,8,256,256,0.000100,500,11139042
for_swap,8,256,256,0.000010,500,4169106
for_swap,8,256,256,0.000001,500,3723390
for_swap,8,512,512,0.000100,500,56716921
for_swap,8,512,512,0.000010,500,21518377
for_swap,8,512,512,0.000001,500,18205411
for_swap,8,32,32,0.000100,5000,949473
for_swap,8,32,32,0.000010,5000,217228
for_swap,8,32,32,0.000001,5000,130966
for_swap,8,128,128,0.000100,5000,23066025
for_swap,8,128,128,0.000010,5000,3132877
for_swap,8,128,128,0.000001,5000,1481043
for_swap,8,256,256,0.000100,5000,93505919
for_swap,8,256,256,0.000010,5000,15806275
for_swap,8,256,256,0.000001,5000,6483141
for_swap,8,512,512,0.000100,5000,459018586
for_swap,8,512,512,0.000010,5000,94296717
for_swap,8,512,512,0.000001,5000,32298288
for_swap,8,32,32,0.000100,50000,16410611
for_swap,8,32,32,0.000010,50000,5693958
for_swap,8,32,32,0.000001,50000,1057214
for_swap,8,128,128,0.000100,50000,323629081
for_swap,8,128,128,0.000010,50000,88677196
for_swap,8,128,128,0.000001,50000,17032392
for_swap,8,256,256,0.000100,50000,1269500193
for_swap,8,256,256,0.000010,50000,329877884
for_swap,8,256,256,0.000001,50000,66627347
for_swap,6,32,32,0.000100,500,147320
for_swap,6,32,32,0.000010,500,86089
for_swap,6,32,32,0.000001,500,76484
for_swap,6,128,128,0.000100,500,1666507
for_swap,6,128,128,0.000010,500,904597
for_swap,6,128,128,0.000001,500,1213480
for_swap,6,256,256,0.000100,500,10282100
for_swap,6,256,256,0.000010,500,3759897
for_swap,6,256,256,0.000001,500,3290555
for_swap,6,512,512,0.000100,500,53904613
for_swap,6,512,512,0.000010,500,20331954
for_swap,6,512,512,0.000001,500,16289854
for_swap,6,32,32,0.000100,5000,842930
for_swap,6,32,32,0.000010,5000,185844
for_swap,6,32,32,0.000001,5000,120320
for_swap,6,128,128,0.000100,5000,22060389
for_swap,6,128,128,0.000010,5000,2848468
for_swap,6,128,128,0.000001,5000,1371675
for_swap,6,256,256,0.000100,5000,92644395
for_swap,6,256,256,0.000010,5000,15432025
for_swap,6,256,256,0.000001,5000,5703543
for_swap,6,512,512,0.000100,5000,468686417
for_swap,6,512,512,0.000010,5000,91473572
for_swap,6,512,512,0.000001,5000,30690706
for_swap,6,32,32,0.000100,50000,16338169
for_swap,6,32,32,0.000010,50000,5432898
for_swap,6,32,32,0.000001,50000,1092217
for_swap,6,128,128,0.000100,50000,334007750
for_swap,6,128,128,0.000010,50000,84177069
for_swap,6,128,128,0.000001,50000,16071567
for_swap,6,256,256,0.000100,50000,1348304763
for_swap,6,256,256,0.000010,50000,322210704
for_swap,6,256,256,0.000001,50000,62782926
for_swap,4,32,32,0.000100,500,172759
for_swap,4,32,32,0.000010,500,109168
for_swap,4,32,32,0.000001,500,100685
for_swap,4,128,128,0.000100,500,2266217
for_swap,4,128,128,0.000010,500,1144558
for_swap,4,128,128,0.000001,500,1393601
for_swap,4,256,256,0.000100,500,13244740
for_swap,4,256,256,0.000010,500,4938222
for_swap,4,256,256,0.000001,500,4109672
for_swap,4,512,512,0.000100,500,68914667
for_swap,4,512,512,0.000010,500,24557438
for_swap,4,512,512,0.000001,500,19417293
for_swap,4,32,32,0.000100,5000,1125684
for_swap,4,32,32,0.000010,5000,240258
for_swap,4,32,32,0.000001,5000,146178
for_swap,4,128,128,0.000100,5000,29287772
for_swap,4,128,128,0.000010,5000,3847628
for_swap,4,128,128,0.000001,5000,1780774
for_swap,4,256,256,0.000100,5000,120069384
for_swap,4,256,256,0.000010,5000,19823682
for_swap,4,256,256,0.000001,5000,7647320
for_swap,4,512,512,0.000100,5000,621144904
for_swap,4,512,512,0.000010,5000,119262008
for_swap,4,512,512,0.000001,5000,38951310
for_swap,4,32,32,0.000100,50000,21258242
for_swap,4,32,32,0.000010,50000,6887590
for_swap,4,32,32,0.000001,50000,1281995
for_swap,4,128,128,0.000100,50000,436839248
for_swap,4,128,128,0.000010,50000,109939305
for_swap,4,128,128,0.000001,50000,21284894
for_swap,4,32,32,0.000100,50000,21088718
for_swap,4,32,32,0.000010,50000,6889679
for_swap,4,32,32,0.000001,50000,1259080
for_swap,4,128,128,0.000100,50000,443774058
for_swap,4,128,128,0.000010,50000,109950349
for_swap,4,128,128,0.000001,50000,21451520
for_swap,4,256,256,0.000100,50000,1778755607
for_swap,4,256,256,0.000010,50000,415012086
for_swap,4,256,256,0.000001,50000,82065023
for_swap,2,32,32,0.000100,500,270134
for_swap,2,32,32,0.000010,500,153985
for_swap,2,32,32,0.000001,500,149760
for_swap,2,128,128,0.000100,500,4109337
for_swap,2,128,128,0.000010,500,1952944
for_swap,2,128,128,0.000001,500,1868604
for_swap,2,256,256,0.000100,500,22529563
for_swap,2,256,256,0.000010,500,8625869
for_swap,2,256,256,0.000001,500,6935141
for_swap,2,512,512,0.000100,500,115926496
for_swap,2,512,512,0.000010,500,40557736
for_swap,2,512,512,0.000001,500,31457820
for_swap,2,32,32,0.000100,5000,2027746
for_swap,2,32,32,0.000010,5000,404640
for_swap,2,32,32,0.000001,5000,222096
for_swap,2,128,128,0.000100,5000,52261088
for_swap,2,128,128,0.000010,5000,7151569
for_swap,2,128,128,0.000001,5000,3150328
for_swap,2,256,256,0.000100,5000,210039800
for_swap,2,256,256,0.000010,5000,34296401
for_swap,2,256,256,0.000001,5000,13547042
for_swap,2,512,512,0.000100,5000,1112904025
for_swap,2,512,512,0.000010,5000,206051130
for_swap,2,512,512,0.000001,5000,66314758
for_swap,2,32,32,0.000100,50000,37740300
for_swap,2,32,32,0.000010,50000,12021985
for_swap,2,32,32,0.000001,50000,2157712
for_swap,2,128,128,0.000100,50000,775043987
for_swap,2,128,128,0.000010,50000,199141634
for_swap,2,128,128,0.000001,50000,38119930
for_swap,2,256,256,0.000100,50000,3185198584
for_swap,2,256,256,0.000010,50000,753396323
for_swap,2,256,256,0.000001,50000,147620339
for_swap,1,32,32,0.000100,500,406986
for_swap,1,32,32,0.000010,500,215084
for_swap,1,32,32,0.000001,500,189398
for_swap,1,128,128,0.000100,500,6999444
for_swap,1,128,128,0.000010,500,3333380
for_swap,1,128,128,0.000001,500,2820779
for_swap,1,256,256,0.000100,500,38551608
for_swap,1,256,256,0.000010,500,15139196
for_swap,1,256,256,0.000001,500,12344011
for_swap,1,512,512,0.000100,500,197897306
for_swap,1,512,512,0.000010,500,67934896
for_swap,1,512,512,0.000001,500,53255846
for_swap,1,32,32,0.000100,5000,3571386
for_swap,1,32,32,0.000010,5000,662524
for_swap,1,32,32,0.000001,5000,355359
for_swap,1,128,128,0.000100,5000,91135699
for_swap,1,128,128,0.000010,5000,12497712
for_swap,1,128,128,0.000001,5000,5513218
for_swap,1,256,256,0.000100,5000,372682832
for_swap,1,256,256,0.000010,5000,58493645
for_swap,1,256,256,0.000001,5000,24142026
for_swap,1,512,512,0.000100,5000,1910647446
for_swap,1,512,512,0.000010,5000,359459326
for_swap,1,512,512,0.000001,5000,115530017
for_swap,1,32,32,0.000100,50000,66507585
for_swap,1,32,32,0.000010,50000,20847672
for_swap,1,32,32,0.000001,50000,3670183
for_swap,1,128,128,0.000100,50000,1320117239
for_swap,1,128,128,0.000010,50000,356952896
for_swap,1,128,128,0.000001,50000,68150442
for_swap,1,256,256,0.000100,50000,5399120962
for_swap,1,256,256,0.000010,50000,1366467700
for_swap,1,256,256,0.000001,50000,265960740
for_swap,8,32,32,0.000100,500,140455
for_swap,8,32,32,0.000010,500,91434
for_swap,8,32,32,0.000001,500,78138
for_swap,8,128,128,0.000100,500,1915740
for_swap,8,128,128,0.000010,500,1031647
for_swap,8,128,128,0.000001,500,1126639
for_swap,8,256,256,0.000100,500,10660917
for_swap,8,256,256,0.000010,500,4379450
for_swap,8,256,256,0.000001,500,3568598
for_swap,8,512,512,0.000100,500,53803649
for_swap,8,512,512,0.000010,500,21734366
for_swap,8,512,512,0.000001,500,17947617
for_swap,8,32,32,0.000100,5000,939409
for_swap,8,32,32,0.000010,5000,211818
for_swap,8,32,32,0.000001,5000,130495
for_swap,8,128,128,0.000100,5000,22869270
for_swap,8,128,128,0.000010,5000,3138983
for_swap,8,128,128,0.000001,5000,1526779
for_swap,8,256,256,0.000100,5000,94046795
for_swap,8,256,256,0.000010,5000,16306075
for_swap,8,256,256,0.000001,5000,6268905
for_swap,8,512,512,0.000100,5000,459390529
for_swap,8,512,512,0.000010,5000,91555685
for_swap,8,512,512,0.000001,5000,32015106
for_swap,8,32,32,0.000100,50000,16595485
for_swap,8,32,32,0.000010,50000,5726156
for_swap,8,32,32,0.000001,50000,1046417
for_swap,8,128,128,0.000100,50000,323245684
for_swap,8,128,128,0.000010,50000,88810881
for_swap,8,128,128,0.000001,50000,17035191
for_swap,8,256,256,0.000100,50000,1266638691
for_swap,8,256,256,0.000010,50000,329006588
for_swap,8,256,256,0.000001,50000,65688112
for_swap,6,32,32,0.000100,500,124289
for_swap,6,32,32,0.000010,500,88391
for_swap,6,32,32,0.000001,500,72697
for_swap,6,128,128,0.000100,500,1697461
for_swap,6,128,128,0.000010,500,917018
for_swap,6,128,128,0.000001,500,1147815
for_swap,6,256,256,0.000100,500,10461785
for_swap,6,256,256,0.000010,500,3945027
for_swap,6,256,256,0.000001,500,3638039
for_swap,6,512,512,0.000100,500,53694207
for_swap,6,512,512,0.000010,500,20091145
for_swap,6,512,512,0.000001,500,16249060
for_swap,6,32,32,0.000100,5000,817536
for_swap,6,32,32,0.000010,5000,185724
for_swap,6,32,32,0.000001,5000,117004
for_swap,6,128,128,0.000100,5000,21983073
for_swap,6,128,128,0.000010,5000,2850296
for_swap,6,128,128,0.000001,5000,1349077
for_swap,6,256,256,0.000100,5000,92386777
for_swap,6,256,256,0.000010,5000,15427229
for_swap,6,256,256,0.000001,5000,5762515
for_swap,6,512,512,0.000100,5000,468401475
for_swap,6,512,512,0.000010,5000,91374748
for_swap,6,512,512,0.000001,5000,30862847
for_swap,6,32,32,0.000100,50000,16364237
for_swap,6,32,32,0.000010,50000,5383979
for_swap,6,32,32,0.000001,50000,966727
for_swap,6,128,128,0.000100,50000,336807551
for_swap,6,128,128,0.000010,50000,84159373
for_swap,6,128,128,0.000001,50000,16089234
for_swap,6,256,256,0.000100,50000,1345436424
for_swap,6,256,256,0.000010,50000,320908111
for_swap,6,256,256,0.000001,50000,62499471
for_swap,4,32,32,0.000100,500,156499
for_swap,4,32,32,0.000010,500,104648
for_swap,4,32,32,0.000001,500,90466
for_swap,4,128,128,0.000100,500,2200688
for_swap,4,128,128,0.000010,500,1158654
for_swap,4,128,128,0.000001,500,1280777
for_swap,4,256,256,0.000100,500,13326598
for_swap,4,256,256,0.000010,500,4969658
for_swap,4,256,256,0.000001,500,4169878
for_swap,4,512,512,0.000010,500,24928560
for_swap,4,512,512,0.000001,500,19368335
for_swap,4,32,32,0.000100,5000,1117649
for_swap,4,32,32,0.000010,5000,235124
for_swap,4,32,32,0.000001,5000,142616
for_swap,4,128,128,0.000100,5000,29128426
for_swap,4,128,128,0.000010,5000,3835978
for_swap,4,128,128,0.000001,5000,1760051
for_swap,4,256,256,0.000100,5000,120112746
for_swap,4,256,256,0.000010,5000,19722595
for_swap,4,256,256,0.000001,5000,7502701
for_swap,4,512,512,0.000100,5000,618780938
for_swap,4,512,512,0.000010,5000,118392094
for_swap,4,512,512,0.000001,5000,39117289
for_swap,4,32,32,0.000100,50000,21061837
for_swap,4,32,32,0.000010,50000,6899555
for_swap,4,32,32,0.000001,50000,1275378
for_swap,4,128,128,0.000100,50000,436939768
for_swap,4,128,128,0.000010,50000,109844080
for_swap,4,128,128,0.000001,50000,21194051
for_swap,4,256,256,0.000100,50000,1781700977
for_swap,4,256,256,0.000010,50000,414165517
for_swap,4,256,256,0.000001,50000,82289618
for_swap,2,32,32,0.000100,500,275282
for_swap,2,32,32,0.000010,500,152832
for_swap,2,32,32,0.000001,500,124001
for_swap,2,128,128,0.000100,500,4048003
for_swap,2,128,128,0.000010,500,1980475
for_swap,2,128,128,0.000001,500,1944928
for_swap,2,256,256,0.000100,500,22661068
for_swap,2,256,256,0.000010,500,8762525
for_swap,2,256,256,0.000001,500,7012960
for_swap,2,512,512,0.000100,500,114799006
for_swap,2,512,512,0.000010,500,40146544
for_swap,2,512,512,0.000001,500,31768557
for_swap,2,32,32,0.000100,5000,2030793
for_swap,2,32,32,0.000010,5000,388567
for_swap,2,32,32,0.000001,5000,219660
for_swap,2,128,128,0.000100,5000,51826004
for_swap,2,128,128,0.000010,5000,7026913
for_swap,2,128,128,0.000001,5000,3127798
for_swap,2,256,256,0.000100,5000,210295642
for_swap,2,256,256,0.000010,5000,34112401
for_swap,2,256,256,0.000001,5000,13566643
for_swap,2,512,512,0.000100,5000,1101465970
for_swap,2,512,512,0.000010,5000,205769291
for_swap,2,512,512,0.000001,5000,67483103
for_swap,2,32,32,0.000100,50000,37909920
for_swap,2,32,32,0.000010,50000,12095425
for_swap,2,32,32,0.000001,50000,2149098
for_swap,2,128,128,0.000100,50000,779857101
for_swap,2,128,128,0.000010,50000,200319098
for_swap,2,128,128,0.000001,50000,38352548
for_swap,2,256,256,0.000100,50000,3163355293
for_swap,2,256,256,0.000010,50000,756130692
for_swap,2,256,256,0.000001,50000,147541679
for_swap,1,32,32,0.000100,500,422060
for_swap,1,32,32,0.000010,500,222801
for_swap,1,32,32,0.000001,500,187472
for_swap,1,128,128,0.000100,500,7260729
for_swap,1,128,128,0.000010,500,3312308
for_swap,1,128,128,0.000001,500,2838022
for_swap,1,256,256,0.000100,500,38717249
for_swap,1,256,256,0.000010,500,14646292
for_swap,1,256,256,0.000001,500,11965499
for_swap,1,512,512,0.000100,500,198914128
for_swap,1,512,512,0.000010,500,67832368
for_swap,1,512,512,0.000001,500,53323703
for_swap,1,32,32,0.000100,5000,3533906
for_swap,1,32,32,0.000010,5000,646645
for_swap,1,32,32,0.000001,5000,362106
for_swap,1,128,128,0.000100,5000,88785143
for_swap,1,128,128,0.000010,5000,12801782
for_swap,1,128,128,0.000001,5000,5526931
for_swap,1,256,256,0.000100,5000,364240892
for_swap,1,256,256,0.000010,5000,58571707
for_swap,1,256,256,0.000001,5000,24082861
for_swap,1,512,512,0.000100,5000,1929624275
for_swap,1,512,512,0.000010,5000,357815626
for_swap,1,512,512,0.000001,5000,115550643
for_swap,1,32,32,0.000100,50000,66362072
for_swap,1,32,32,0.000010,50000,20839069
for_swap,1,32,32,0.000001,50000,3644141
for_swap,1,128,128,0.000100,50000,1319919859
for_swap,1,128,128,0.000010,50000,356836609
for_swap,1,128,128,0.000001,50000,68071684
for_swap,1,256,256,0.000100,50000,5313925817
for_swap,1,256,256,0.000010,50000,1351439189
for_swap,1,256,256,0.000001,50000,265445399
for_swap,8,32,32,0.000100,500,139940
for_swap,8,32,32,0.000010,500,92475
for_swap,8,32,32,0.000001,500,79852
for_swap,8,128,128,0.000100,500,1921358
for_swap,8,128,128,0.000010,500,1037042
for_swap,8,128,128,0.000001,500,1095405
for_swap,8,256,256,0.000100,500,10691244
for_swap,8,256,256,0.000010,500,4147788
for_swap,8,256,256,0.000001,500,3664189
for_swap,8,512,512,0.000100,500,56216218
for_swap,8,512,512,0.000010,500,22124409
for_swap,8,512,512,0.000001,500,18206846
for_swap,8,32,32,0.000100,5000,944104
for_swap,8,32,32,0.000010,5000,233017
for_swap,8,32,32,0.000001,5000,132331
for_swap,8,128,128,0.000100,5000,22902503
for_swap,8,128,128,0.000010,5000,3250844
for_swap,8,128,128,0.000001,5000,1527852
for_swap,8,256,256,0.000100,5000,93924264
for_swap,8,256,256,0.000010,5000,15736951
for_swap,8,256,256,0.000001,5000,6264208
for_swap,8,512,512,0.000100,5000,459769046
for_swap,8,512,512,0.000010,5000,94214503
for_swap,8,512,512,0.000001,5000,32021099
for_swap,8,32,32,0.000100,50000,16450169
for_swap,8,32,32,0.000010,50000,5732522
for_swap,8,32,32,0.000001,50000,1122730
for_swap,8,128,128,0.000100,50000,323921657
for_swap,8,128,128,0.000010,50000,88660537
for_swap,8,128,128,0.000001,50000,17046815
for_swap,8,256,256,0.000100,50000,1265690696
for_swap,8,256,256,0.000010,50000,329226946
for_swap,8,256,256,0.000001,50000,65214349
for_swap,6,32,32,0.000100,500,132194
for_swap,6,32,32,0.000010,500,112830
for_swap,6,32,32,0.000001,500,74473
for_swap,6,128,128,0.000100,500,1670614
for_swap,6,128,128,0.000010,500,927863
for_swap,6,128,128,0.000001,500,1113353
for_swap,6,256,256,0.000100,500,10279678
for_swap,6,256,256,0.000010,500,3688283
for_swap,6,256,256,0.000001,500,3373647
for_swap,6,512,512,0.000100,500,53695525
for_swap,6,512,512,0.000010,500,20165659
for_swap,6,512,512,0.000001,500,16407093
for_swap,6,32,32,0.000100,5000,819771
for_swap,6,32,32,0.000010,5000,187561
for_swap,6,32,32,0.000001,5000,119028
for_swap,6,128,128,0.000100,5000,21940852
for_swap,6,128,128,0.000010,5000,2835752
for_swap,6,128,128,0.000001,5000,1369539
for_swap,6,256,256,0.000100,5000,92322636
for_swap,6,256,256,0.000010,5000,15422967
for_swap,6,256,256,0.000001,5000,5660888
for_swap,6,512,512,0.000100,5000,468733003
for_swap,6,512,512,0.000010,5000,91503066
for_swap,6,512,512,0.000001,5000,30645675
for_swap,6,32,32,0.000100,50000,16329029
for_swap,6,32,32,0.000010,50000,5499856
for_swap,6,32,32,0.000001,50000,965845
for_swap,6,128,128,0.000100,50000,333726004
for_swap,6,128,128,0.000010,50000,83939396
for_swap,6,128,128,0.000001,50000,16083876
for_swap,6,32,32,0.000001,500,80326
for_swap,6,128,128,0.000100,500,1636186
for_swap,6,128,128,0.000010,500,962718
for_swap,6,128,128,0.000001,500,1126502
for_swap,6,256,256,0.000100,500,10292103
for_swap,6,256,256,0.000010,500,3718095
for_swap,6,256,256,0.000001,500,3466020
for_swap,6,512,512,0.000100,500,53911452
for_swap,6,512,512,0.000010,500,20208630
for_swap,6,512,512,0.000001,500,16284180
for_swap,6,32,32,0.000100,5000,869969
for_swap,6,32,32,0.000010,5000,230213
for_swap,6,32,32,0.000001,5000,147239
for_swap,6,128,128,0.000100,5000,21960224
for_swap,6,128,128,0.000010,5000,2856063
for_swap,6,128,128,0.000001,5000,1385196
for_swap,6,256,256,0.000100,5000,92484929
for_swap,6,256,256,0.000010,5000,15459361
for_swap,6,256,256,0.000001,5000,5704238
for_swap,6,512,512,0.000100,5000,467278787
for_swap,6,512,512,0.000010,5000,91367568
for_swap,6,512,512,0.000001,5000,31122104
for_swap,6,32,32,0.000100,50000,16411933
for_swap,6,32,32,0.000010,50000,5395202
for_swap,6,32,32,0.000001,50000,989205
for_swap,6,128,128,0.000100,50000,335013620
for_swap,6,128,128,0.000010,50000,83866982
for_swap,6,128,128,0.000001,50000,16059668
pointer_swap,8,32,32,0.000100,500,100009
pointer_swap,8,32,32,0.000010,500,59561
pointer_swap,8,32,32,0.000001,500,53162
pointer_swap,8,128,128,0.000100,500,1281967
pointer_swap,8,128,128,0.000010,500,713287
pointer_swap,8,128,128,0.000001,500,702317
pointer_swap,8,256,256,0.000100,500,9386821
pointer_swap,8,256,256,0.000010,500,3224757
pointer_swap,8,256,256,0.000001,500,2617093
pointer_swap,8,512,512,0.000100,500,51376799
pointer_swap,8,512,512,0.000010,500,19969578
pointer_swap,8,512,512,0.000001,500,14728311
pointer_swap,8,32,32,0.000100,5000,685591
pointer_swap,8,32,32,0.000010,5000,155484
pointer_swap,8,32,32,0.000001,5000,87111
pointer_swap,8,128,128,0.000100,5000,17672353
pointer_swap,8,128,128,0.000010,5000,2549750
pointer_swap,8,128,128,0.000001,5000,1181424
pointer_swap,8,256,256,0.000100,5000,77303668
pointer_swap,8,256,256,0.000010,5000,14012346
pointer_swap,8,256,256,0.000001,5000,5150186
pointer_swap,8,512,512,0.000100,5000,420741141
pointer_swap,8,512,512,0.000010,5000,89373740
pointer_swap,8,512,512,0.000001,5000,29429781
pointer_swap,8,32,32,0.000100,50000,12263699
pointer_swap,8,32,32,0.000010,50000,5385231
pointer_swap,8,32,32,0.000001,50000,898380
pointer_swap,8,128,128,0.000100,50000,270894568
pointer_swap,8,128,128,0.000010,50000,103244025
pointer_swap,8,128,128,0.000001,50000,16395013
pointer_swap,8,256,256,0.000100,50000,1160342151
pointer_swap,8,256,256,0.000010,50000,473612090
pointer_swap,8,256,256,0.000001,50000,75400358
pointer_swap,6,32,32,0.000100,500,111699
pointer_swap,6,32,32,0.000010,500,66017
pointer_swap,6,32,32,0.000001,500,56390
pointer_swap,6,128,128,0.000100,500,1684612
pointer_swap,6,128,128,0.000010,500,894910
pointer_swap,6,128,128,0.000001,500,849580
pointer_swap,6,256,256,0.000100,500,11023142
pointer_swap,6,256,256,0.000010,500,3992551
pointer_swap,6,256,256,0.000001,500,3200042
pointer_swap,6,512,512,0.000100,500,59183572
pointer_swap,6,512,512,0.000010,500,22304285
pointer_swap,6,512,512,0.000001,500,16489784
pointer_swap,6,32,32,0.000100,5000,1094556
pointer_swap,6,32,32,0.000010,5000,168215
pointer_swap,6,32,32,0.000001,5000,96699
pointer_swap,6,128,128,0.000100,5000,20846317
pointer_swap,6,128,128,0.000010,5000,2985368
pointer_swap,6,128,128,0.000001,5000,1346348
pointer_swap,6,256,256,0.000100,5000,90172804
pointer_swap,6,256,256,0.000010,5000,15821160
pointer_swap,6,256,256,0.000001,5000,5876628
pointer_swap,6,512,512,0.000100,5000,497273588
pointer_swap,6,512,512,0.000010,5000,102975991
pointer_swap,6,512,512,0.000001,5000,33457901
pointer_swap,6,32,32,0.000100,50000,14330777
pointer_swap,6,32,32,0.000010,50000,6215746
pointer_swap,6,32,32,0.000001,50000,1033156
pointer_swap,6,128,128,0.000100,50000,318888239
pointer_swap,6,128,128,0.000010,50000,119966247
pointer_swap,6,128,128,0.000001,50000,19413269
pointer_swap,6,256,256,0.000100,50000,1353992801
pointer_swap,6,256,256,0.000010,50000,547490080
pointer_swap,6,256,256,0.000001,50000,89666368
pointer_swap,4,32,32,0.000100,500,213285
pointer_swap,4,32,32,0.000010,500,162792
pointer_swap,4,32,32,0.000001,500,76550
pointer_swap,4,128,128,0.000100,500,2379165
pointer_swap,4,128,128,0.000010,500,1115623
pointer_swap,4,128,128,0.000001,500,961209
pointer_swap,4,256,256,0.000100,500,14064806
pointer_swap,4,256,256,0.000010,500,4810372
pointer_swap,4,256,256,0.000001,500,3729142
pointer_swap,4,512,512,0.000100,500,75344238
pointer_swap,4,512,512,0.000010,500,26702764
pointer_swap,4,512,512,0.000001,500,18938606
pointer_swap,4,32,32,0.000100,5000,1051437
pointer_swap,4,32,32,0.000010,5000,229083
pointer_swap,4,32,32,0.000001,5000,139250
pointer_swap,4,128,128,0.000100,5000,27799963
pointer_swap,4,128,128,0.000010,5000,3894514
pointer_swap,4,128,128,0.000001,5000,1688429
pointer_swap,4,256,256,0.000100,5000,119108204
pointer_swap,4,256,256,0.000010,5000,20221624
pointer_swap,4,256,256,0.000001,5000,7539628
pointer_swap,4,512,512,0.000100,5000,665481129
pointer_swap,4,512,512,0.000010,5000,134716634
pointer_swap,4,512,512,0.000001,5000,41469486
pointer_swap,4,32,32,0.000100,50000,19176593
pointer_swap,4,32,32,0.000010,50000,8115494
pointer_swap,4,32,32,0.000001,50000,1267440
pointer_swap,4,128,128,0.000100,50000,428942093
pointer_swap,4,128,128,0.000010,50000,159877104
pointer_swap,4,128,128,0.000001,50000,25739538
pointer_swap,4,32,32,0.000100,50000,19563051
pointer_swap,4,32,32,0.000010,50000,8322216
pointer_swap,4,32,32,0.000001,50000,1333015
pointer_swap,4,128,128,0.000100,50000,434672358
pointer_swap,4,128,128,0.000010,50000,162248066
pointer_swap,4,128,128,0.000001,50000,25816596
pointer_swap,4,256,256,0.000100,50000,1863330675
pointer_swap,4,256,256,0.000010,50000,734735857
pointer_swap,4,256,256,0.000001,50000,120845794
pointer_swap,2,32,32,0.000100,500,248843
pointer_swap,2,32,32,0.000010,500,135314
pointer_swap,2,32,32,0.000001,500,110733
pointer_swap,2,128,128,0.000100,500,4258006
pointer_swap,2,128,128,0.000010,500,1985539
pointer_swap,2,128,128,0.000001,500,1707993
pointer_swap,2,256,256,0.000100,500,25787644
pointer_swap,2,256,256,0.000010,500,9157522
pointer_swap,2,256,256,0.000001,500,6911291
pointer_swap,2,512,512,0.000100,500,134744760
pointer_swap,2,512,512,0.000010,500,47128849
pointer_swap,2,512,512,0.000001,500,33422948
pointer_swap,2,32,32,0.000100,5000,1951761
pointer_swap,2,32,32,0.000010,5000,395648
pointer_swap,2,32,32,0.000001,5000,251212
pointer_swap,2,128,128,0.000100,5000,53215363
pointer_swap,2,128,128,0.000010,5000,7302966
pointer_swap,2,128,128,0.000001,5000,3154782
pointer_swap,2,256,256,0.000100,5000,223841145
pointer_swap,2,256,256,0.000010,5000,36375707
pointer_swap,2,256,256,0.000001,5000,14110985
pointer_swap,2,512,512,0.000100,5000,1216377060
pointer_swap,2,512,512,0.000010,5000,243669150
pointer_swap,2,512,512,0.000001,5000,73542839
pointer_swap,2,32,32,0.000100,50000,36619877
pointer_swap,2,32,32,0.000010,50000,15369707
pointer_swap,2,32,32,0.000001,50000,2264955
pointer_swap,2,128,128,0.000100,50000,800646586
pointer_swap,2,128,128,0.000010,50000,293550704
pointer_swap,2,128,128,0.000001,50000,48796565
pointer_swap,2,256,256,0.000100,50000,3399996674
pointer_swap,2,256,256,0.000010,50000,1315856449
pointer_swap,2,256,256,0.000001,50000,222095793
pointer_swap,1,32,32,0.000100,500,436171
pointer_swap,1,32,32,0.000010,500,203400
pointer_swap,1,32,32,0.000001,500,184712
pointer_swap,1,128,128,0.000100,500,7243697
pointer_swap,1,128,128,0.000010,500,3295583
pointer_swap,1,128,128,0.000001,500,2713870
pointer_swap,1,256,256,0.000100,500,44721507
pointer_swap,1,256,256,0.000010,500,15214845
pointer_swap,1,256,256,0.000001,500,11641490
pointer_swap,1,512,512,0.000100,500,232347971
pointer_swap,1,512,512,0.000010,500,75976202
pointer_swap,1,512,512,0.000001,500,54950398
pointer_swap,1,32,32,0.000100,5000,3582754
pointer_swap,1,32,32,0.000010,5000,650595
pointer_swap,1,32,32,0.000001,5000,351400
pointer_swap,1,128,128,0.000100,5000,96524466
pointer_swap,1,128,128,0.000010,5000,13508363
pointer_swap,1,128,128,0.000001,5000,5539505
pointer_swap,1,256,256,0.000100,5000,396456190
pointer_swap,1,256,256,0.000010,5000,65060072
pointer_swap,1,256,256,0.000001,5000,24435552
pointer_swap,1,512,512,0.000100,5000,2136158466
pointer_swap,1,512,512,0.000010,5000,428676932
pointer_swap,1,512,512,0.000001,5000,127213787
pointer_swap,1,32,32,0.000100,50000,65792760
pointer_swap,1,32,32,0.000010,50000,27880724
pointer_swap,1,32,32,0.000001,50000,4012242
pointer_swap,1,128,128,0.000100,50000,1471791885
pointer_swap,1,128,128,0.000010,50000,531162761
pointer_swap,1,128,128,0.000001,50000,89203654
pointer_swap,1,256,256,0.000100,50000,5529932370
pointer_swap,1,256,256,0.000010,50000,2276350358
pointer_swap,1,256,256,0.000001,50000,398208153
pointer_swap,8,32,32,0.000100,500,130799
pointer_swap,8,32,32,0.000010,500,73587
pointer_swap,8,32,32,0.000001,500,63091
pointer_swap,8,128,128,0.000100,500,1778950
pointer_swap,8,128,128,0.000010,500,959506
pointer_swap,8,128,128,0.000001,500,846029
pointer_swap,8,256,256,0.000100,500,10956289
pointer_swap,8,256,256,0.000010,500,4285419
pointer_swap,8,256,256,0.000001,500,3179701
pointer_swap,8,512,512,0.000100,500,56828267
pointer_swap,8,512,512,0.000010,500,23204456
pointer_swap,8,512,512,0.000001,500,17468313
pointer_swap,8,32,32,0.000100,5000,889209
pointer_swap,8,32,32,0.000010,5000,298692
pointer_swap,8,32,32,0.000001,5000,116230
pointer_swap,8,128,128,0.000100,5000,21451197
pointer_swap,8,128,128,0.000010,5000,3145640
pointer_swap,8,128,128,0.000001,5000,1386812
pointer_swap,8,256,256,0.000100,5000,88751901
pointer_swap,8,256,256,0.000010,5000,16095259
pointer_swap,8,256,256,0.000001,5000,6257898
pointer_swap,8,512,512,0.000100,5000,449424229
pointer_swap,8,512,512,0.000010,5000,100259185
pointer_swap,8,512,512,0.000001,5000,34578462
pointer_swap,8,32,32,0.000100,50000,14555619
pointer_swap,8,32,32,0.000010,50000,6335640
pointer_swap,8,32,32,0.000001,50000,1067088
pointer_swap,8,128,128,0.000100,50000,299081471
pointer_swap,8,128,128,0.000010,50000,114317761
pointer_swap,8,128,128,0.000001,50000,19398728
pointer_swap,8,256,256,0.000100,50000,1232918695
pointer_swap,8,256,256,0.000010,50000,495756950
pointer_swap,8,256,256,0.000001,50000,82797556
pointer_swap,6,32,32,0.000100,500,129702
pointer_swap,6,32,32,0.000010,500,69802
pointer_swap,6,32,32,0.000001,500,88199
pointer_swap,6,128,128,0.000100,500,1698263
pointer_swap,6,128,128,0.000010,500,843350
pointer_swap,6,128,128,0.000001,500,775378
pointer_swap,6,256,256,0.000100,500,11077827
pointer_swap,6,256,256,0.000010,500,4035278
pointer_swap,6,256,256,0.000001,500,3138400
pointer_swap,6,512,512,0.000100,500,59554909
pointer_swap,6,512,512,0.000010,500,23458851
pointer_swap,6,512,512,0.000001,500,16433996
pointer_swap,6,32,32,0.000100,5000,794376
pointer_swap,6,32,32,0.000010,5000,177928
pointer_swap,6,32,32,0.000001,5000,124460
pointer_swap,6,128,128,0.000100,5000,20655818
pointer_swap,6,128,128,0.000010,5000,2914512
pointer_swap,6,128,128,0.000001,5000,1286564
pointer_swap,6,256,256,0.000100,5000,89076226
pointer_swap,6,256,256,0.000010,5000,15917880
pointer_swap,6,256,256,0.000001,5000,5866654
pointer_swap,6,512,512,0.000100,5000,491653420
pointer_swap,6,512,512,0.000010,5000,102792244
pointer_swap,6,512,512,0.000001,5000,33994560
pointer_swap,6,32,32,0.000100,50000,14149815
pointer_swap,6,32,32,0.000010,50000,6210253
pointer_swap,6,32,32,0.000001,50000,1000234
pointer_swap,6,128,128,0.000100,50000,313367379
pointer_swap,6,128,128,0.000010,50000,118648491
pointer_swap,6,128,128,0.000001,50000,18799644
pointer_swap,6,256,256,0.000100,50000,1356479462
pointer_swap,6,256,256,0.000010,50000,544697220
pointer_swap,6,256,256,0.000001,50000,87305893
pointer_swap,4,32,32,0.000100,500,149295
pointer_swap,4,32,32,0.000010,500,84562
pointer_swap,4,32,32,0.000001,500,79193
pointer_swap,4,128,128,0.000100,500,2219077
pointer_swap,4,128,128,0.000010,500,1108839
pointer_swap,4,128,128,0.000001,500,997486
pointer_swap,4,256,256,0.000100,500,14449443
pointer_swap,4,256,256,0.000010,500,5096612
pointer_swap,4,256,256,0.000001,500,3960673
pointer_swap,4,512,512,0.000100,500,77743156
pointer_swap,4,512,512,0.000010,500,28968750
pointer_swap,4,512,512,0.000001,500,20093527
pointer_swap,4,32,32,0.000100,5000,1069118
pointer_swap,4,32,32,0.000010,5000,240870
pointer_swap,4,32,32,0.000001,5000,133670
pointer_swap,4,128,128,0.000100,5000,28467007
pointer_swap,4,128,128,0.000010,5000,3973972
pointer_swap,4,128,128,0.000001,5000,1762935
pointer_swap,4,256,256,0.000100,5000,121719979
pointer_swap,4,256,256,0.000010,5000,20632345
pointer_swap,4,256,256,0.000001,5000,7803142
pointer_swap,4,512,512,0.000100,5000,676605665
pointer_swap,4,512,512,0.000010,5000,137337469
pointer_swap,4,512,512,0.000001,5000,44325271
pointer_swap,4,32,32,0.000100,50000,19582053
pointer_swap,4,32,32,0.000010,50000,8277212
pointer_swap,4,32,32,0.000001,50000,1344115
pointer_swap,4,128,128,0.000100,50000,433786096
pointer_swap,4,128,128,0.000010,50000,162412312
pointer_swap,4,128,128,0.000001,50000,26238103
pointer_swap,4,256,256,0.000100,50000,1847545176
pointer_swap,4,256,256,0.000010,50000,728140624
pointer_swap,4,256,256,0.000001,50000,119786135
pointer_swap,2,32,32,0.000100,500,244460
pointer_swap,2,32,32,0.000010,500,133647
pointer_swap,2,32,32,0.000001,500,108342
pointer_swap,2,128,128,0.000100,500,4097998
pointer_swap,2,128,128,0.000010,500,1979115
pointer_swap,2,128,128,0.000001,500,1681851
pointer_swap,2,256,256,0.000100,500,25576882
pointer_swap,2,256,256,0.000010,500,9158207
pointer_swap,2,256,256,0.000001,500,6948770
pointer_swap,2,512,512,0.000100,500,135745497
pointer_swap,2,512,512,0.000010,500,45993061
pointer_swap,2,512,512,0.000001,500,33019161
pointer_swap,2,32,32,0.000100,5000,1923469
pointer_swap,2,32,32,0.000010,5000,379463
pointer_swap,2,32,32,0.000001,5000,210491
pointer_swap,2,128,128,0.000100,5000,52949040
pointer_swap,2,128,128,0.000010,5000,7293240
pointer_swap,2,128,128,0.000001,5000,3150307
pointer_swap,2,256,256,0.000100,5000,222241968
pointer_swap,2,256,256,0.000010,5000,36982804
pointer_swap,2,256,256,0.000001,5000,14043644
pointer_swap,2,512,512,0.000100,5000,1234370734
pointer_swap,2,512,512,0.000010,5000,243233700
pointer_swap,2,512,512,0.000001,5000,74661418
pointer_swap,2,32,32,0.000100,50000,36862185
pointer_swap,2,32,32,0.000010,50000,15230323
pointer_swap,2,32,32,0.000001,50000,2340021
pointer_swap,2,128,128,0.000100,50000,806324553
pointer_swap,2,128,128,0.000010,50000,297872321
pointer_swap,2,128,128,0.000001,50000,47671115
pointer_swap,2,256,256,0.000100,50000,3417786563
pointer_swap,2,256,256,0.000010,50000,1306187624
pointer_swap,2,256,256,0.000001,50000,214617094
pointer_swap,1,32,32,0.000100,500,430788
pointer_swap,1,32,32,0.000010,500,205915
pointer_swap,1,32,32,0.000001,500,184753
pointer_swap,1,128,128,0.000100,500,7143281
pointer_swap,1,128,128,0.000010,500,3285370
pointer_swap,1,128,128,0.000001,500,2752493
pointer_swap,1,256,256,0.000100,500,44157881
pointer_swap,1,256,256,0.000010,500,15203447
pointer_swap,1,256,256,0.000001,500,11541181
pointer_swap,1,512,512,0.000100,500,229437140
pointer_swap,1,512,512,0.000010,500,75368455
pointer_swap,1,512,512,0.000001,500,52391326
pointer_swap,1,32,32,0.000100,5000,3593765
pointer_swap,1,32,32,0.000010,5000,648685
pointer_swap,1,32,32,0.000001,5000,351896
pointer_swap,1,128,128,0.000100,5000,96141063
pointer_swap,1,128,128,0.000010,5000,13326295
pointer_swap,1,128,128,0.000001,5000,5503215
pointer_swap,1,256,256,0.000100,5000,391249895
pointer_swap,1,256,256,0.000010,5000,64671595
pointer_swap,1,256,256,0.000001,5000,24388665
pointer_swap,1,512,512,0.000100,5000,2116588953
pointer_swap,1,512,512,0.000010,5000,431732161
pointer_swap,1,512,512,0.000001,5000,127810946
pointer_swap,1,32,32,0.000100,50000,65646890
pointer_swap,1,32,32,0.000010,50000,28140242
pointer_swap,1,32,32,0.000001,50000,4163289
pointer_swap,1,128,128,0.000100,50000,1326047813
pointer_swap,1,128,128,0.000010,50000,531517362
pointer_swap,1,128,128,0.000001,50000,91345713
for_swap,8,32,32,0.000100,500,154229
for_swap,8,32,32,0.000010,500,89901
for_swap,8,32,32,0.000001,500,80721
for_swap,8,128,128,0.000100,500,1916843
for_swap,8,128,128,0.000010,500,1033777
for_swap,8,128,128,0.000001,500,1121276
for_swap,8,256,256,0.000100,500,11157568
for_swap,8,256,256,0.000010,500,4560886
for_swap,8,256,256,0.000001,500,3566064
for_swap,8,512,512,0.000100,500,53764829
for_swap,8,512,512,0.000010,500,21519528
for_swap,8,512,512,0.000001,500,17685305
for_swap,8,32,32,0.000100,5000,944406
for_swap,8,32,32,0.000010,5000,226957
for_swap,8,32,32,0.000001,5000,141088
for_swap,8,128,128,0.000100,5000,22785531
for_swap,8,128,128,0.000010,5000,3219631
for_swap,8,128,128,0.000001,5000,1526216
for_swap,8,256,256,0.000100,5000,93163421
for_swap,8,256,256,0.000010,5000,15729376
for_swap,8,256,256,0.000001,5000,6237929
for_swap,8,512,512,0.000100,5000,458843879
for_swap,8,512,512,0.000010,5000,93272223
for_swap,8,512,512,0.000001,5000,32646718
for_swap,8,32,32,0.000100,50000,16488457
for_swap,8,32,32,0.000010,50000,5719397
for_swap,8,32,32,0.000001,50000,1057133
for_swap,8,128,128,0.000100,50000,323109355
for_swap,8,128,128,0.000010,50000,88251775
for_swap,8,128,128,0.000001,50000,17024738
for_swap,8,256,256,0.000100,50000,1275287628
for_swap,8,256,256,0.000010,50000,329275214
for_swap,8,256,256,0.000001,50000,65704078
for_swap,6,32,32,0.000100,500,127759
for_swap,6,32,32,0.000010,500,105256
for_swap,6,32,32,0.000001,500,105526
for_swap,6,128,128,0.000100,500,1643656
for_swap,6,128,128,0.000010,500,947561
for_swap,6,128,128,0.000001,500,1120747
for_swap,6,256,256,0.000100,500,10267014
for_swap,6,256,256,0.000010,500,3735094
for_swap,6,256,256,0.000001,500,3308483
for_swap,6,512,512,0.000100,500,54126751
for_swap,6,512,512,0.000010,500,20111799
for_swap,6,512,512,0.000001,500,16335950
for_swap,6,32,32,0.000100,5000,817457
for_swap,6,32,32,0.000010,5000,186314
for_swap,6,32,32,0.000001,5000,125569
for_swap,6,128,128,0.000100,5000,21959187
for_swap,6,128,128,0.000010,5000,2833867
for_swap,6,128,128,0.000001,5000,1358645
for_swap,6,256,256,0.000100,5000,92170352
for_swap,6,256,256,0.000010,5000,15388112
for_swap,6,256,256,0.000001,5000,5672660
for_swap,6,512,512,0.000100,5000,466032946
for_swap,6,512,512,0.000010,5000,91389412
for_swap,6,512,512,0.000001,5000,30803627
for_swap,6,32,32,0.000100,50000,16397294
for_swap,6,32,32,0.000010,50000,5390602
for_swap,6,32,32,0.000001,50000,977498
for_swap,6,128,128,0.000100,50000,334251101
for_swap,6,128,128,0.000010,50000,83819528
for_swap,6,128,128,0.000001,50000,16039694
for_swap,6,256,256,0.000100,50000,1347848241
for_swap,6,256,256,0.000010,50000,321132082
for_swap,6,256,256,0.000001,50000,62616119
for_swap,4,32,32,0.000100,500,156764
for_swap,4,32,32,0.000010,500,102643
for_swap,4,32,32,0.000001,500,87251
for_swap,4,128,128,0.000100,500,2273190
for_swap,4,128,128,0.000010,500,1181678
for_swap,4,128,128,0.000001,500,1283703
for_swap,4,256,256,0.000100,500,13166603
for_swap,4,256,256,0.000010,500,4755183
for_swap,4,256,256,0.000001,500,4171875
for_swap,4,512,512,0.000100,500,68554070
for_swap,4,512,512,0.000010,500,24729741
for_swap,4,512,512,0.000001,500,19496089
for_swap,4,32,32,0.000100,5000,1118225
for_swap,4,32,32,0.000010,5000,236238
for_swap,4,32,32,0.000001,5000,145664
for_swap,4,128,128,0.000100,5000,29171883
for_swap,4,128,128,0.000010,5000,3861258
for_swap,4,128,128,0.000001,5000,1786863
for_swap,4,256,256,0.000100,5000,120146713
for_swap,4,256,256,0.000010,5000,19708612
for_swap,4,256,256,0.000001,5000,7536947
for_swap,4,512,512,0.000100,5000,619614735
for_swap,4,512,512,0.000010,5000,118559018
for_swap,4,512,512,0.000001,5000,39150882
for_swap,4,32,32,0.000100,50000,21210172
for_swap,4,32,32,0.000010,50000,6874189
for_swap,4,32,32,0.000001,50000,1272276
for_swap,4,128,128,0.000100,50000,437634009
for_swap,4,128,128,0.000010,50000,109691563
for_swap,4,128,128,0.000001,50000,21293826
for_swap,4,256,256,0.000100,50000,1782668192
for_swap,4,256,256,0.000010,50000,414893631
for_swap,4,256,256,0.000001,50000,82326404
for_swap,2,32,32,0.000100,500,270711
for_swap,2,32,32,0.000010,500,148295
for_swap,2,32,32,0.000001,500,128668
for_swap,2,128,128,0.000100,500,4011373
for_swap,2,128,128,0.000010,500,1942325
for_swap,2,128,128,0.000001,500,1975203
for_swap,2,256,256,0.000100,500,22845350
for_swap,2,256,256,0.000010,500,8461370
for_swap,2,256,256,0.000001,500,6919218
for_swap,2,512,512,0.000100,500,115898313
for_swap,2,512,512,0.000010,500,39757761
for_swap,2,512,512,0.000001,500,31492684
for_swap,2,32,32,0.000100,5000,2061438
for_swap,2,32,32,0.000010,5000,389102
for_swap,2,32,32,0.000001,5000,221727
for_swap,2,128,128,0.000100,5000,52250873
for_swap,2,128,128,0.000010,5000,7015475
for_swap,2,128,128,0.000001,5000,3123081
for_swap,2,256,256,0.000100,5000,209258052
for_swap,2,256,256,0.000010,5000,34159069
for_swap,2,256,256,0.000001,5000,13452460
for_swap,2,512,512,0.000100,5000,1104879551
for_swap,2,512,512,0.000010,5000,204926608
for_swap,2,512,512,0.000001,5000,66714871
for_swap,2,32,32,0.000100,50000,38030904
for_swap,2,32,32,0.000010,50000,12043722
for_swap,2,32,32,0.000001,50000,2139772
for_swap,2,128,128,0.000100,50000,772647602
for_swap,2,128,128,0.000010,50000,200882962
for_swap,2,128,128,0.000001,50000,37851381
for_swap,2,256,256,0.000100,50000,3167805010
for_swap,2,256,256,0.000010,50000,761269339
for_swap,2,256,256,0.000001,50000,147985682
for_swap,1,32,32,0.000100,500,415821
for_swap,1,32,32,0.000010,500,213888
for_swap,1,32,32,0.000001,500,191103
for_swap,1,128,128,0.000100,500,7245913
for_swap,1,128,128,0.000010,500,3329148
for_swap,1,128,128,0.000001,500,2834601
for_swap,1,256,256,0.000100,500,39212413
for_swap,1,256,256,0.000010,500,14627754
for_swap,1,256,256,0.000001,500,11862370
for_swap,1,512,512,0.000100,500,199622838
for_swap,1,512,512,0.000010,500,67974218
for_swap,1,512,512,0.000001,500,53517441
for_swap,1,32,32,0.000100,5000,3582050
for_swap,1,32,32,0.000010,5000,661099
for_swap,1,32,32,0.000001,5000,358145
for_swap,1,128,128,0.000100,5000,91299408
for_swap,1,128,128,0.000010,5000,12528133
for_swap,1,128,128,0.000001,5000,5569490
for_swap,1,256,256,0.000100,5000,370494040
for_swap,1,256,256,0.000010,5000,59218768
for_swap,1,256,256,0.000001,5000,24584966
pointer_swap,8,32,32,0.000100,500,96145
pointer_swap,8,32,32,0.000010,500,57834
pointer_swap,8,32,32,0.000001,500,51966
pointer_swap,8,128,128,0.000100,500,1526656
pointer_swap,8,128,128,0.000010,500,686883
pointer_swap,8,128,128,0.000001,500,737994
pointer_swap,8,256,256,0.000100,500,9468543
pointer_swap,8,256,256,0.000010,500,3261919
pointer_swap,8,256,256,0.000001,500,2564934
pointer_swap,8,512,512,0.000100,500,51499834
pointer_swap,8,512,512,0.000010,500,20090984
pointer_swap,8,512,512,0.000001,500,14888117
pointer_swap,8,32,32,0.000100,5000,687965
pointer_swap,8,32,32,0.000010,5000,156540
pointer_swap,8,32,32,0.000001,5000,87836
pointer_swap,8,128,128,0.000100,5000,17709170
pointer_swap,8,128,128,0.000010,5000,2568278
pointer_swap,8,128,128,0.000001,5000,1179444
pointer_swap,8,256,256,0.000100,5000,77531180
pointer_swap,8,256,256,0.000010,5000,14153349
pointer_swap,8,256,256,0.000001,5000,5187457
pointer_swap,8,512,512,0.000100,5000,422520385
pointer_swap,8,512,512,0.000010,5000,89473313
pointer_swap,8,512,512,0.000001,5000,29591775
pointer_swap,8,32,32,0.000100,50000,12319130
pointer_swap,8,32,32,0.000010,50000,5393794
pointer_swap,8,32,32,0.000001,50000,878660
pointer_swap,8,128,128,0.000100,50000,268929687
pointer_swap,8,128,128,0.000010,50000,103498579
pointer_swap,8,128,128,0.000001,50000,16922293
pointer_swap,8,256,256,0.000100,50000,1151160594
pointer_swap,8,256,256,0.000010,50000,474095166
pointer_swap,8,256,256,0.000001,50000,75740982
pointer_swap,6,32,32,0.000100,500,111516
pointer_swap,6,32,32,0.000010,500,84433
pointer_swap,6,32,32,0.000001,500,80159
pointer_swap,6,128,128,0.000100,500,1649864
pointer_swap,6,128,128,0.000010,500,891991
pointer_swap,6,128,128,0.000001,500,832078
pointer_swap,6,256,256,0.000100,500,11040507
pointer_swap,6,256,256,0.000010,500,4030210
pointer_swap,6,256,256,0.000001,500,3236252
pointer_swap,6,512,512,0.000100,500,59491287
pointer_swap,6,512,512,0.000010,500,22391220
pointer_swap,6,512,512,0.000001,500,16232641
pointer_swap,6,32,32,0.000100,5000,813185
pointer_swap,6,32,32,0.000010,5000,176734
pointer_swap,6,32,32,0.000001,5000,98698
pointer_swap,6,128,128,0.000100,5000,20964222
pointer_swap,6,128,128,0.000010,5000,3037295
pointer_swap,6,128,128,0.000001,5000,1364571
pointer_swap,6,256,256,0.000100,5000,90901671
pointer_swap,6,256,256,0.000010,5000,15957759
pointer_swap,6,256,256,0.000001,5000,5957810
pointer_swap,6,512,512,0.000100,5000,499677242
pointer_swap,6,512,512,0.000010,5000,103326330
pointer_swap,6,512,512,0.000001,5000,33361102
pointer_swap,6,32,32,0.000100,50000,14400492
pointer_swap,6,32,32,0.000010,50000,6245478
pointer_swap,6,32,32,0.000001,50000,1042466
pointer_swap,6,128,128,0.000100,50000,319815453
pointer_swap,6,128,128,0.000010,50000,120593425
pointer_swap,6,128,128,0.000001,50000,19561885
pointer_swap,6,256,256,0.000100,50000,1359448559
pointer_swap,6,256,256,0.000010,50000,550793571
pointer_swap,6,256,256,0.000001,50000,89526676
pointer_swap,4,32,32,0.000100,500,138120
pointer_swap,4,32,32,0.000010,500,81901
pointer_swap,4,32,32,0.000001,500,68728
pointer_swap,4,128,128,0.000100,500,2109666
pointer_swap,4,128,128,0.000010,500,1047315
pointer_swap,4,128,128,0.000001,500,921637
pointer_swap,4,256,256,0.000100,500,13975138
pointer_swap,4,256,256,0.000010,500,4811120
pointer_swap,4,256,256,0.000001,500,3782433
pointer_swap,4,512,512,0.000100,500,75506575
pointer_swap,4,512,512,0.000010,500,27017910
pointer_swap,4,512,512,0.000001,500,19103672
pointer_swap,4,32,32,0.000100,5000,1046862
pointer_swap,4,32,32,0.000010,5000,218930
pointer_swap,4,32,32,0.000001,5000,133789
pointer_swap,4,128,128,0.000100,5000,27732794
pointer_swap,4,128,128,0.000010,5000,3899640
pointer_swap,4,128,128,0.000001,5000,1675611
pointer_swap,4,256,256,0.000100,5000,119216381
pointer_swap,4,256,256,0.000010,5000,20159703
pointer_swap,4,256,256,0.000001,5000,7485135
pointer_swap,4,512,512,0.000100,5000,664124289
pointer_swap,4,512,512,0.000010,5000,134151220
pointer_swap,4,512,512,0.000001,5000,41543338
pointer_swap,4,32,32,0.000100,50000,19145989
pointer_swap,4,32,32,0.000010,50000,8126114
pointer_swap,4,32,32,0.000001,50000,1303957
pointer_swap,4,128,128,0.000100,50000,425993891
pointer_swap,4,128,128,0.000010,50000,159301651
pointer_swap,4,128,128,0.000001,50000,25160791
pointer_swap,4,256,256,0.000100,50000,1816159444
pointer_swap,4,256,256,0.000010,50000,720153629
pointer_swap,4,256,256,0.000001,50000,116045937
pointer_swap,2,32,32,0.000100,500,229103
pointer_swap,2,32,32,0.000010,500,121710
pointer_swap,2,32,32,0.000001,500,101287
pointer_swap,2,128,128,0.000100,500,3815040
pointer_swap,2,128,128,0.000010,500,1813909
pointer_swap,2,128,128,0.000001,500,1545023
pointer_swap,2,256,256,0.000100,500,24220214
pointer_swap,2,256,256,0.000010,500,8352592
pointer_swap,2,256,256,0.000001,500,6358363
pointer_swap,2,512,512,0.000100,500,128159940
pointer_swap,2,512,512,0.000010,500,42805797
pointer_swap,2,512,512,0.000001,500,30212954
pointer_swap,2,32,32,0.000100,5000,1825621
pointer_swap,2,32,32,0.000010,5000,368258
pointer_swap,2,32,32,0.000001,5000,196422
pointer_swap,2,128,128,0.000100,5000,50668487
pointer_swap,2,128,128,0.000010,5000,7093060
pointer_swap,2,128,128,0.000001,5000,2883339
pointer_swap,2,256,256,0.000100,5000,213098241
pointer_swap,2,256,256,0.000010,5000,34963642
pointer_swap,2,256,256,0.000001,5000,12923303
pointer_swap,2,512,512,0.000100,5000,1182378083
pointer_swap,2,512,512,0.000010,5000,237139272
pointer_swap,2,512,512,0.000001,5000,69719058
pointer_swap,2,32,32,0.000100,50000,34927967
pointer_swap,2,32,32,0.000010,50000,14460024
pointer_swap,2,32,32,0.000001,50000,2193104
pointer_swap,2,128,128,0.000100,50000,769859185
pointer_swap,2,128,128,0.000010,50000,287060141
pointer_swap,2,128,128,0.000001,50000,46436877
pointer_swap,2,256,256,0.000100,50000,3259983354
pointer_swap,2,256,256,0.000010,50000,1268322557
pointer_swap,2,256,256,0.000001,50000,206370890
pointer_swap,1,32,32,0.000100,500,383569
pointer_swap,1,32,32,0.000010,500,194934
pointer_swap,1,32,32,0.000001,500,172132
pointer_swap,1,128,128,0.000100,500,6999602
pointer_swap,1,128,128,0.000010,500,3170569
pointer_swap,1,128,128,0.000001,500,2593185
pointer_swap,1,256,256,0.000100,500,43447866
pointer_swap,1,256,256,0.000010,500,14957700
pointer_swap,1,256,256,0.000001,500,10973930
pointer_swap,1,512,512,0.000100,500,224507796
pointer_swap,1,512,512,0.000010,500,72953680
pointer_swap,1,512,512,0.000001,500,50765331
pointer_swap,1,32,32,0.000100,5000,3402075
pointer_swap,1,32,32,0.000010,5000,626286
pointer_swap,1,32,32,0.000001,5000,334986
pointer_swap,1,128,128,0.000100,5000,96946049
pointer_swap,1,128,128,0.000010,5000,12807512
pointer_swap,1,128,128,0.000001,5000,5252776
pointer_swap,1,256,256,0.000100,5000,383391610
pointer_swap,1,256,256,0.000010,5000,62920853
pointer_swap,1,256,256,0.000001,5000,23545303